X,Y,Width
113,108,2
105,109,1
134,93,2
122,100,1
113,105,1
129,54,2
119,89,1
148,101,1
137,83,2
141,64,2
104,109,2
138,64,2
129,81,2
109,97,1
145,83,1
94,56,1
131,114,2
93,108,1
94,68,2
142,63,2
136,73,2
116,83,1
122,66,2
109,104,1
94,57,2
137,88,2
96,103,1
89,79,1
119,83,1
116,91,2
112,103,1
135,108,2
142,86,1
144,100,1
106,102,1
106,113,2
136,109,1
102,103,2
108,70,2
101,100,2
130,56,1
113,75,2
93,100,2
128,60,2
113,107,2
138,88,1
97,73,1
101,104,1
140,57,1
138,108,2
107,82,1
98,93,2
142,95,2
129,89,2
109,76,1
145,56,1
123,86,2
132,64,2
147,98,1
109,59,2
138,83,1
101,108,1
116,110,2
89,105,2
102,111,1
136,104,2
95,103,1
115,96,1
132,85,1
121,84,2
109,64,1
115,76,2
141,107,2
137,59,1
95,73,2
105,69,2
93,71,1
145,103,1
99,93,2
93,100,2
102,56,1
141,92,2
91,102,1
85,82,1
121,83,1
97,87,2
92,55,1
125,60,2
128,89,1
110,108,1
111,107,2
127,107,1
89,91,1
144,112,1
130,67,2
106,110,2
87,104,2
107,89,2
134,76,2
93,109,1
130,112,2
112,56,2
107,72,1
92,88,2
120,79,1
141,94,2
119,113,2
86,90,2
99,66,2
94,98,2
117,57,1
98,60,1
108,61,1
143,62,2
106,66,2
136,112,1
139,99,1
140,76,1
92,86,1
107,73,1
108,95,2
138,117,1
110,111,2
109,64,1
140,105,1
90,81,1
119,90,2
116,101,2
98,86,2
134,63,2
85,90,1
101,99,2
81,115,1
81,100,1
105,76,2
108,99,1
81,76,2
133,115,1
94,73,1
133,72,1
107,100,2
90,84,1
125,61,2
108,68,1
115,70,1
123,75,2
103,88,1
117,102,2
137,67,2
127,61,2
93,62,2
104,81,2
131,85,1
92,69,2
125,79,2
120,90,1
136,59,1
139,69,1
91,105,2
90,92,1
130,106,1
106,80,2
110,85,2
122,83,2
122,65,2
106,94,2
78,119,1
134,84,1
108,70,2
105,102,1
95,63,1
118,66,1
95,110,2
112,105,1
80,96,2
135,121,1
103,62,1
85,85,2
111,114,1
135,64,1
109,85,2
81,96,1
102,116,2
96,73,2
114,69,1
89,119,2
118,102,1
96,94,1
120,88,2
115,119,1
113,101,1
132,80,2
81,122,1
106,97,2
89,65,2
82,95,1
95,76,2
122,102,1
120,93,1
93,111,2
102,121,2
72,112,1
78,118,2
65,132,2
104,111,1
70,96,1
84,113,1
96,97,2
110,121,2
77,103,2
81,134,1
81,112,1
74,82,1
121,122,1
86,77,1
107,79,1
109,111,2
101,103,2
121,121,2
93,110,2
81,105,1
66,114,1
89,120,2
113,132,2
79,105,2
121,75,2
88,87,2
71,129,1
115,123,1
74,96,1
102,111,1
119,118,1
85,124,2
107,75,2
108,75,1
124,117,2
87,110,2
97,114,2
87,82,1
119,119,2
75,127,2
70,115,1
97,91,1
98,87,2
107,122,2
118,82,1
62,110,2
117,125,2
63,121,2
93,91,2
120,114,2
102,130,2
63,79,2
117,138,2
116,90,2
107,85,1
85,129,1
107,115,2
91,112,1
97,112,2
69,118,2
60,95,1
69,114,1
85,109,1
83,132,1
95,86,1
66,137,1
89,134,2
84,85,2
101,81,2
63,121,2
86,118,1
96,113,2
86,106,2
73,126,2
111,137,1
77,107,2
74,129,1
102,117,1
84,80,2
105,94,1
100,136,1
53,89,2
60,138,1
92,119,2
98,107,1
56,107,2
71,124,2
57,128,1
77,144,1
76,123,1
70,131,1
89,89,2
90,107,2
54,112,2
111,140,2
80,105,1
59,93,1
70,91,2
99,117,1
98,125,2
77,129,2
55,121,1
55,112,1
102,140,2
60,143,1
105,92,1
54,116,2
87,130,1
68,89,2
81,122,1
69,129,2
75,100,2
86,118,2
74,125,2
61,143,1
106,101,1
69,139,1
89,112,1
108,109,1
70,93,1
57,140,2
94,86,1
109,133,1
76,96,2
72,113,2
52,128,2
100,139,1
78,127,2
64,102,2
64,132,1
54,88,2
88,96,2
107,88,1
86,139,1
64,132,2
105,129,1
64,95,1
110,137,1
82,140,2
94,130,2
83,97,1
101,109,2
102,103,1
57,140,2
56,96,1
110,136,1
59,135,1
98,122,1
97,114,2
62,89,1
108,91,1
69,117,1
93,129,2
89,128,2
80,92,2
82,102,1
76,98,1
55,91,2
69,118,2
94,139,2
81,120,1
56,106,2
100,101,2
100,94,2
59,142,1
60,91,1
54,126,2
61,95,2
106,146,2
66,105,2
57,131,2
77,121,2
104,140,2
84,123,1
103,119,2
104,112,2
67,122,2
65,129,1
87,92,1
68,115,2
100,129,1
91,112,2
96,96,1
56,90,2
54,138,2
58,115,2
60,133,1
104,112,1
101,94,2
75,88,2
100,93,2
90,106,2
93,115,2
86,92,2
70,104,2
85,119,1
106,117,1
103,140,2
65,142,1
84,92,2
106,94,1
100,98,1
69,141,2
103,122,2
105,92,2
83,149,1
77,133,2
81,124,2
94,145,1
84,123,1
74,121,1
96,137,2
101,115,2
96,149,2
62,141,1
60,140,2
100,128,2
65,129,2
101,138,2
83,108,1
56,106,1
94,150,1
102,121,1
100,94,1
61,94,1
79,126,1
65,133,2
80,92,1
79,146,1
79,146,1
86,145,1
57,112,2
73,92,1
49,102,2
51,148,2
58,139,1
65,143,2
56,100,1
63,112,1
100,133,2
107,102,1
75,113,2
58,122,1
99,113,2
64,134,1
68,141,2
103,135,2
103,129,2
72,128,1
69,115,1
82,97,2
68,129,2
87,147,1
90,121,1
80,134,1
100,112,2
101,132,1
105,133,2
87,93,1
54,141,1
106,148,1
96,115,2
105,119,2
85,142,2
103,133,2
59,99,2
96,126,2
103,95,1
93,112,2
54,105,2
90,105,1
75,150,1
62,129,2
80,146,1
98,106,2
95,112,2
62,150,1
80,93,1
91,128,1
95,131,1
92,103,1
94,139,2
67,136,1
75,103,1
54,117,2
82,128,2
51,113,2
60,138,1
84,132,2
96,124,2
73,137,2
103,138,1
91,150,1
59,138,2
72,110,2
46,147,2
104,147,2
51,145,2
72,137,1
67,110,1
95,137,1
92,146,2
49,116,1
88,131,1
47,126,2
51,109,1
65,94,1
95,106,1
46,93,1
94,137,2
102,112,1
71,123,1
93,106,1
98,143,2
89,138,1
98,115,2
96,107,2
55,148,1
72,134,2
99,118,2
57,115,1
67,146,1
63,116,2
52,110,1
46,107,1
86,100,1
93,148,1
50,145,2
66,137,1
49,125,1
69,96,2
48,123,2
52,106,2
57,149,2
66,119,1
84,151,2
97,133,2
69,93,2
94,114,2
66,121,2
79,139,2
100,122,1
93,129,2
55,116,2
46,151,1
55,109,2
87,153,1
57,126,1
57,103,1
47,99,1
81,125,2
52,141,2
87,151,2
77,118,2
83,128,1
98,150,2
93,96,1
60,95,1
55,140,1
54,98,1
92,138,2
75,145,2
60,104,1
64,144,1
80,132,1
71,135,2
74,94,1
62,107,2
52,137,2
99,105,1
45,129,1
76,104,1
61,97,1
99,108,2
86,137,1
74,142,1
46,121,2
95,117,2
91,106,1
95,123,2
60,151,2
70,133,1
93,98,2
57,148,1
103,141,1
56,140,2
60,116,2
54,153,2
105,106,2
103,110,1
97,125,1
67,96,2
48,145,2
68,139,1
73,111,1
65,144,2
47,97,1
56,115,1
80,115,1
93,150,1
54,121,2
105,103,2
102,114,2
96,128,2
95,135,1
59,111,2
73,140,2
79,143,1
86,122,2
96,111,1
92,111,2
60,106,1
102,105,1
72,115,2
58,107,1
99,151,1
101,156,1
66,153,2
72,156,2
68,102,1
68,146,1
58,120,1
69,149,2
65,147,2
77,119,2
101,150,1
53,146,1
78,108,1
68,145,2
51,100,2
52,141,1
73,117,1
79,122,2
62,150,1
92,105,2
70,115,1
99,108,2
56,104,2
66,133,2
45,158,1
53,157,2
53,123,2
81,146,1
92,152,2
100,100,2
76,106,1
103,100,1
58,142,2
56,142,2
47,132,2
104,130,2
59,153,2
61,114,1
97,106,1
99,131,1
83,137,1
103,116,2
64,120,1
49,157,2
71,120,1
104,108,1
91,140,1
58,133,1
104,156,2
100,101,2
93,124,1
57,146,1
78,152,2
100,133,1
98,158,2
79,107,2
70,103,1
92,156,1
95,103,2
50,156,1
74,99,1
73,152,1
83,146,2
53,145,2
67,133,2
89,131,1
87,133,2
81,118,2
101,137,1
99,113,1
81,103,2
55,117,2
45,107,1
92,132,2
62,118,1
56,106,2
95,123,1
78,107,1
81,110,2
98,122,2
91,158,1
74,147,2
89,145,1
55,126,1
68,156,2
87,109,1
84,129,1
55,105,2
47,121,1
66,110,1
47,128,2
78,108,2
54,153,1
55,146,1
95,116,2
96,115,2
56,153,1
104,154,1
103,119,1
47,162,2
83,127,2
53,158,2
103,127,2
79,132,2
59,162,1
70,126,1
70,115,1
89,118,1
100,165,1
85,120,1
84,118,1
79,117,2
90,136,1
57,134,1
50,131,2
102,114,2
56,130,2
57,150,2
90,147,2
102,119,1
60,131,1
106,130,1
78,130,1
82,128,1
71,157,2
66,166,1
55,114,1
101,145,1
92,136,1
62,168,2
59,164,1
71,146,1
51,114,2
81,123,2
89,113,1
52,162,1
87,163,2
67,133,2
56,126,2
75,157,1
78,133,2
60,149,2
95,119,2
60,125,2
52,137,1
86,139,1
65,166,1
99,147,1
84,169,2
98,156,1
102,147,2
90,168,2
93,178,1
91,124,2
72,166,1
89,137,2
79,129,1
60,169,1
59,163,1
80,176,1
94,176,2
99,139,2
101,124,2
105,161,2
60,123,2
110,142,1
111,152,1
110,144,1
73,134,1
53,171,2
60,161,2
51,171,2
69,172,2
93,150,1
74,139,1
94,132,1
74,134,1
62,127,2
71,159,2
78,149,1
64,136,2
102,137,2
65,141,1
104,118,2
76,121,2
90,128,2
78,123,1
97,153,2
73,160,1
97,137,1
94,161,1
100,180,2
106,131,2
58,171,1
91,138,1
72,167,2
95,145,1
96,126,2
98,168,2
99,158,1
83,127,1
107,139,1
97,176,1
89,166,1
81,137,1
59,168,2
70,169,2
96,130,2
88,150,1
59,168,2
82,153,1
105,129,1
68,180,2
109,148,1
107,127,2
93,130,1
55,166,1
64,176,2
77,173,2
89,129,1
96,175,1
69,130,2
60,131,1
67,161,1
58,163,2
97,174,1
61,171,2
97,177,2
110,145,1
113,162,1
73,167,2
71,152,1
95,157,2
102,123,1
106,135,1
94,171,2
91,169,1
78,156,1
74,167,1
106,136,2
70,160,2
74,141,1
95,161,1
81,155,2
81,151,1
54,127,1
101,159,1
94,143,2
87,147,1
87,158,1
55,146,2
94,125,2
98,122,1
99,156,2
90,162,2
109,182,1
94,164,2
110,171,1
74,137,2
77,171,2
85,138,1
89,152,1
105,138,2
65,174,2
105,161,2
56,173,2
84,147,2
85,171,2
102,131,2
88,124,2
89,167,1
115,148,1
66,135,2
114,176,2
99,125,1
65,169,2
89,155,1
63,136,2
66,157,1
87,140,1
75,125,2
57,162,1
96,181,1
112,177,1
97,168,2
73,177,1
112,171,2
74,124,1
75,133,1
73,146,1
72,142,1
95,129,2
65,158,1
108,132,1
86,141,2
75,176,2
63,178,2
115,178,1
95,150,1
92,126,2
88,140,2
92,134,1
94,136,1
90,148,1
107,177,2
72,155,2
85,179,2
123,131,2
74,161,1
72,131,2
109,186,1
117,176,1
116,169,2
95,164,2
96,133,2
99,176,2
91,170,2
66,149,2
107,152,2
116,129,2
65,179,2
123,167,1
86,186,2
63,128,1
119,158,1
66,167,2
117,148,2
90,183,2
85,154,1
120,161,2
109,144,1
72,178,1
104,151,2
89,164,1
64,167,1
102,158,1
91,177,2
64,177,1
99,129,2
111,144,1
74,171,1
66,184,2
95,174,1
123,175,1
75,148,1
122,160,1
68,148,2
86,167,1
77,135,2
67,158,1
126,165,2
111,184,1
105,148,2
111,158,1
80,163,2
101,173,2
104,170,2
83,138,2
80,144,1
115,136,2
73,172,2
92,172,1
117,142,1
86,134,1
89,187,2
91,153,1
100,138,1
115,185,1
106,185,2
107,131,1
114,128,1
77,177,2
71,156,2
120,149,1
108,133,2
88,141,1
102,133,1
98,128,2
71,134,1
120,158,2
84,141,2
79,185,2
86,177,2
116,148,1
108,130,2
97,136,1
88,132,2
82,176,1
78,188,1
122,188,2
82,189,1
90,140,2
112,168,1
90,140,2
99,175,1
132,173,2
89,142,2
107,190,2
130,143,1
99,146,1
103,143,2
98,183,2
86,155,1
94,181,1
123,172,2
86,155,1
130,177,2
103,177,2
86,172,2
81,161,2
131,163,2
117,181,1
92,161,1
82,175,2
86,175,1
90,182,2
100,170,2
107,184,1
128,156,1
102,151,1
79,147,2
88,148,1
98,186,2
106,131,2
106,174,1
134,140,1
124,172,2
87,131,2
86,166,1
139,159,2
103,133,1
90,157,2
113,179,1
118,174,2
118,185,1
107,174,2
88,186,2
86,178,2
127,150,2
127,145,2
132,180,2
111,163,2
107,171,2
95,144,1
135,143,2
128,156,1
115,147,1
84,186,1
106,137,1
86,133,2
138,187,1
127,154,2
101,150,2
110,160,2
100,182,1
95,157,1
122,142,2
136,134,2
105,163,1
95,161,1
103,139,2
105,162,1
128,150,1
105,182,2
125,135,2
128,162,1
147,158,2
95,134,2
127,180,2
111,151,2
94,184,1
140,185,2
101,182,1
110,181,1
90,137,1
106,136,2
122,141,1
109,177,2
138,142,1
109,142,2
125,141,1
109,161,2
147,149,1
120,148,2
119,142,2
87,150,2
107,139,1
139,149,1
88,141,2
105,168,2
140,182,1
111,163,1
132,172,1
100,172,1
136,149,2
132,188,1
128,190,2
91,136,2
103,185,2
113,145,2
94,154,2
90,181,2
116,188,2
108,155,1
108,133,1
137,174,2
124,175,2
97,162,1
148,148,1
117,145,1
150,175,1
128,179,1
102,151,2
97,186,2
144,179,2
122,153,1
128,186,1
131,144,2
152,177,1
105,167,2
154,152,2
94,184,2
117,140,1
113,173,1
139,163,2
133,174,2
149,183,1
117,165,2
119,180,1
148,142,2
124,149,2
114,183,2
112,135,1
124,145,1
134,151,2
143,182,2
94,160,1
128,151,1
127,166,2
131,133,2
98,177,2
105,173,1
144,186,2
129,134,1
155,162,2
127,163,1
113,134,2
123,177,1
133,169,2
139,158,1
139,166,1
144,133,1
102,190,1
122,162,2
133,136,1
115,132,2
156,167,1
117,147,1
141,142,2
146,174,2
108,132,2
136,160,2
101,178,2
149,134,1
138,171,1
156,141,1
101,155,2
136,168,2
131,156,1
107,191,2
113,167,2
150,183,1
112,133,1
130,185,2
134,143,2
102,162,2
149,167,1
136,153,1
111,144,2
111,174,2
137,189,2
104,182,2
120,174,1
106,184,2
132,188,2
139,130,1
126,179,2
146,190,2
140,187,2
138,147,2
121,157,2
160,131,1
132,171,1
130,152,1
152,155,1
143,174,1
139,189,2
140,179,1
111,163,1
102,152,2
115,142,2
111,147,2
104,134,2
153,141,2
149,140,2
121,134,2
147,133,1
120,162,1
150,174,1
156,131,1
131,154,1
149,148,1
103,177,2
106,184,2
159,153,2
131,158,1
118,173,2
129,160,1
109,160,1
129,188,2
154,130,1
111,154,1
116,161,1
123,188,1
135,177,2
104,163,1
118,133,2
146,182,1
136,185,1
109,142,1
137,146,2
154,188,1
108,135,1
116,184,1
121,141,2
131,145,1
147,139,1
141,183,1
143,162,2
160,128,1
144,164,2
141,142,1
162,144,1
111,128,2
139,129,2
141,184,1
147,133,1
162,167,2
159,183,2
151,147,1
108,144,1
144,159,2
150,168,1
145,170,1
117,160,2
151,130,2
123,157,1
139,146,1
107,135,2
147,136,2
146,155,1
131,177,1
128,150,1
141,154,1
165,167,1
118,147,2
108,160,2
142,169,1
162,131,2
142,140,1
145,184,1
156,181,2
123,154,2
137,130,2
122,127,1
115,149,1
113,136,1
154,154,2
166,177,1
150,156,1
107,152,2
151,187,1
127,157,2
113,158,2
140,179,1
150,185,1
131,167,2
145,187,1
118,158,2
121,185,2
135,130,1
120,176,1
123,134,1
165,166,2
143,155,2
145,169,2
148,160,1
115,176,2
162,181,1
132,182,1
113,141,1
131,153,2
156,150,1
118,168,2
122,143,2
156,156,2
159,151,1
169,146,2
163,148,2
113,162,2
147,154,2
171,162,2
171,128,2
144,149,1
133,175,2
168,145,1
142,184,1
125,161,2
121,138,1
143,150,2
116,127,1
143,168,1
156,147,2
140,154,1
128,180,1
165,128,1
165,131,2
161,176,2
138,152,1
137,133,2
171,150,2
130,151,1
147,181,2
168,162,1
157,169,1
152,130,1
171,134,1
116,128,1
122,128,2
160,138,2
158,155,2
124,166,2
145,157,2
115,179,2
118,152,2
136,155,1
140,165,1
163,144,2
153,130,2
118,158,1
156,173,1
147,170,1
135,180,2
141,170,1
135,140,1
135,151,1
151,122,2
118,179,1
122,165,2
162,136,2
170,122,2
145,171,2
151,167,2
171,172,1
155,144,1
163,170,1
124,172,1
176,127,1
156,157,1
162,171,1
169,156,1
149,172,2
144,130,2
118,168,1
165,173,1
136,171,2
116,133,1
125,154,2
164,124,1
122,168,1
136,154,2
162,127,2
148,159,1
124,129,2
156,155,2
150,159,2
138,171,1
127,126,2
138,177,2
137,126,1
166,168,1
152,177,2
127,177,1
178,171,1
153,171,2
144,167,2
144,145,1
167,150,1
132,147,2
171,175,1
125,162,1
150,175,1
141,162,1
178,145,1
126,169,2
160,165,1
127,129,2
176,145,1
130,127,2
124,159,1
139,147,1
178,163,1
153,145,2
149,127,2
178,156,1
161,171,1
165,156,1
169,123,1
127,133,1
168,157,2
137,131,1
150,167,2
151,170,2
131,168,2
150,173,2
126,169,2
171,136,2
163,145,2
156,165,1
137,163,2
181,178,2
147,137,1
128,124,1
182,129,1
156,154,1
178,170,2
147,118,2
129,164,2
150,170,1
129,162,2
176,166,1
140,155,2
155,135,2
135,171,1
153,118,1
163,122,1
173,172,2
133,147,2
168,148,2
130,155,1
182,126,2
136,135,2
129,169,1
176,150,1
155,175,2
137,132,2
128,136,1
146,130,2
179,148,2
129,144,2
152,168,2
133,178,1
179,173,1
170,132,2
174,159,2
187,152,1
167,134,1
129,137,1
162,122,1
145,150,2
173,120,2
179,156,1
164,134,1
156,120,2
188,166,2
186,151,2
147,158,2
181,153,1
138,156,2
163,151,2
167,120,2
146,138,2
147,117,2
145,157,1
161,129,2
167,163,1
139,128,2
186,133,1
142,170,2
162,157,2
131,144,1
163,138,2
172,120,2
157,155,1
136,135,1
136,119,2
153,136,2
154,133,2
142,123,2
148,173,1
143,161,2
130,139,1
184,142,1
162,133,2
155,128,2
166,159,1
146,148,2
178,162,2
186,119,1
169,135,1
184,160,1
190,124,1
163,153,2
159,117,1
148,138,1
160,153,2
168,149,1
174,172,2
175,122,2
193,150,1
186,141,2
141,123,1
167,115,1
143,134,2
135,150,1
158,116,1
143,124,1
176,157,2
150,127,2
158,141,1
133,155,1
184,168,2
134,150,1
193,114,2
190,131,1
139,123,1
171,117,1
191,155,1
173,141,2
168,160,2
169,119,2
184,148,2
176,118,2
144,121,2
188,159,2
139,141,1
181,120,2
147,122,1
140,116,2
166,166,2
150,132,1
139,123,1
141,138,1
181,166,2
141,152,1
142,168,1
136,162,2
161,143,1
195,148,2
159,113,2
162,120,2
153,123,1
161,110,2
155,160,2
160,162,2
196,170,2
159,147,2
185,115,2
182,152,1
184,159,2
178,125,1
143,143,1
149,166,2
154,145,2
137,167,1
170,147,2
157,111,2
136,119,2
155,163,2
161,116,2
164,111,1
164,112,1
156,110,2
161,128,2
165,137,2
172,122,2
169,151,1
190,122,2
169,115,2
139,127,2
172,156,1
149,150,2
140,148,1
183,134,1
148,161,1
187,109,2
185,159,2
180,119,2
163,115,2
144,158,1
175,113,2
176,113,1
183,140,2
153,110,1
183,153,2
163,154,2
147,106,2
177,121,2
160,115,2
178,118,2
156,145,1
173,155,2
140,116,1
179,109,2
143,149,2
160,133,2
189,158,1
188,128,2
167,118,2
197,142,1
146,161,2
167,158,1
145,133,1
160,134,1
192,130,1
194,100,2
148,150,1
177,127,2
145,133,1
193,108,1
198,138,2
196,151,2
155,122,2
157,98,1
200,133,1
164,110,1
190,150,2
184,98,2
196,134,2
150,108,1
196,110,1
155,146,1
175,132,2
150,128,2
179,132,2
168,99,2
195,120,1
193,155,1
162,144,1
182,128,1
195,112,1
157,140,1
177,120,2
172,122,1
166,107,1
152,131,1
165,115,2
189,134,2
193,141,1
187,144,1
162,104,1
146,129,1
147,140,2
147,135,2
144,107,2
171,103,2
157,102,2
149,146,2
179,145,1
159,99,2
167,139,2
147,132,2
184,125,1
180,146,2
181,119,1
188,128,2
191,134,1
163,105,2
156,147,2
194,136,1
161,105,1
151,115,2
200,145,1
161,110,2
190,103,2
162,139,2
169,112,1
188,102,1
168,142,2
194,139,1
163,92,2
195,116,1
170,124,2
178,123,2
178,117,2
161,132,2
186,104,2
164,131,2
176,112,1
154,126,2
151,135,2
190,150,2
149,99,1
148,108,1
192,114,1
165,101,2
181,125,2
162,127,1
144,126,1
159,108,1
179,121,2
194,132,1
187,87,2
148,120,2
189,104,2
174,145,1
187,136,1
179,92,1
150,108,1
191,96,2
143,109,2
163,112,1
197,141,2
175,121,1
192,102,1
169,105,1
178,112,2
154,88,1
191,104,1
181,138,2
153,110,2
152,96,1
183,125,2
187,103,2
171,132,2
174,123,2
152,142,1
145,88,2
146,100,2
202,100,1
201,109,2
155,118,2
151,143,2
194,146,2
155,142,2
149,141,1
145,121,1
183,89,1
152,119,2
187,94,1
183,100,2
180,144,2
177,97,1
184,93,2
197,96,2
199,122,1
161,137,1
179,129,1
157,138,1
152,136,2
200,121,2
160,110,1
173,129,2
144,92,2
146,129,2
157,136,2
168,86,1
155,125,2
192,112,2
193,111,2
167,115,1
180,132,1
153,105,1
151,122,2
159,126,1
175,114,2
162,115,2
179,89,2
147,142,2
189,136,1
159,94,2
144,122,1
166,87,1
151,97,2
186,141,1
192,94,1
147,121,2
179,137,2
195,137,2
161,96,2
144,106,1
177,126,1
185,104,2
173,87,2
153,102,1
147,90,2
199,140,1
149,89,2
164,137,1
167,106,1
176,114,1
184,126,1
191,114,1
176,84,2
185,138,2
164,103,1
182,112,2
156,131,2
156,110,1
192,87,1
154,129,2
183,92,2
201,119,1
204,125,2
161,100,2
164,142,1
187,83,1
156,119,1
149,114,2
198,126,2
187,86,2
182,115,1
197,125,1
202,140,1
200,104,2
158,111,2
186,120,2
198,109,1
190,129,2
202,89,1
183,109,1
146,83,2
174,84,2
179,113,2
157,108,1
165,131,1
190,126,1
185,107,1
176,140,1
147,99,1
173,96,1
195,83,1
152,110,1
167,115,1
159,93,1
204,135,1
182,122,2
164,136,1
167,96,1
167,86,2
180,83,2
190,99,1
154,117,2
183,134,2
144,130,2
177,104,2
173,81,1
157,124,1
167,107,2
157,132,2
172,137,1
183,136,1
204,84,2
165,88,2
162,124,2
182,104,2
176,80,1
187,120,2
198,103,1
166,105,2
167,85,2
172,131,1
201,98,1
200,110,2
158,136,2
174,115,2
167,131,2
200,133,1
174,100,1
159,126,1
202,91,1
198,133,1
192,93,1
155,106,1
172,119,1
171,117,1
156,102,2
167,88,2
177,129,1
180,86,2
188,131,1
188,116,2
192,124,2
200,120,1
157,128,1
156,121,1
153,86,2
148,128,1
198,131,2
195,96,1
172,88,2
180,100,1
187,125,2
145,81,2
144,122,1
179,91,2
181,125,1
171,127,1
161,130,2
189,105,2
153,94,2
144,79,2
175,123,1
188,100,1
154,114,1
201,134,2
160,84,1
160,103,2
170,97,1
198,96,1
167,79,2
186,118,2
196,88,2
150,120,1
202,130,1
186,125,2
148,111,2
196,100,2
178,83,2
158,100,1
193,134,2
182,80,1
195,119,1
200,86,1
193,86,1
175,121,1
173,81,2
196,93,2
199,90,2
157,103,1
175,78,2
169,106,2
201,107,2
176,81,2
185,120,1
181,104,1
175,96,2
144,109,2
198,122,1
172,82,2
198,120,2
180,76,1
149,113,1
153,121,2
185,79,1
188,119,2
194,78,2
189,134,2
146,90,2
172,122,1
194,102,2
152,92,2
173,94,2
172,125,1
187,131,1
191,126,1
191,127,2
145,82,2
155,83,1
150,135,2
165,107,1
194,78,1
156,95,1
167,77,2
197,115,1
169,84,1
182,108,1
166,123,2
177,126,2
168,77,2
147,125,1
199,114,1
172,126,2
196,106,1
197,86,2
161,108,1
169,101,1
159,88,2
159,131,1
149,99,1
144,90,2
193,107,2
196,80,2
200,78,2
173,91,1
144,76,1
140,72,2
143,77,2
190,128,2
159,91,2
161,108,2
173,130,1
198,126,2
195,131,2
150,93,1
176,98,2
140,74,1
197,122,2
157,117,2
153,96,1
187,113,2
182,92,1
183,117,1
175,80,1
151,127,1
155,115,2
162,86,1
156,75,2
181,92,1
157,72,1
154,109,2
155,76,1
163,125,1
195,90,1
198,111,2
171,102,1
141,106,1
186,70,1
188,108,2
175,80,2
180,112,1
155,118,1
182,68,1
175,98,1
181,102,2
164,116,1
197,110,2
153,102,2
182,76,2
180,121,1
151,125,1
185,120,1
181,104,2
158,97,2
172,74,1
180,95,1
167,100,2
187,115,2
197,80,2
163,72,1
197,72,2
167,68,2
198,121,1
194,93,2
172,110,2
188,76,1
161,111,1
156,113,2
175,95,1
147,72,2
182,70,2
188,104,2
177,74,2
179,68,1
173,79,2
184,84,1
154,90,2
140,104,1
147,82,2
167,115,2
159,77,2
160,113,2
146,109,1
154,105,1
186,63,1
171,91,1
187,77,1
190,105,2
154,102,2
161,72,2
154,109,1
147,103,1
140,113,2
164,108,2
193,104,2
173,77,1
179,104,2
162,72,1
156,60,2
151,71,2
139,106,2
135,96,2
170,82,1
142,82,1
195,81,2
158,117,2
138,108,1
180,85,1
188,70,1
192,104,2
166,112,2
149,90,2
191,91,1
190,96,1
162,101,1
167,101,1
174,56,1
158,84,1
165,82,2
178,106,1
136,88,2
156,109,2
163,101,1
136,75,1
152,110,2
180,85,1
160,81,1
188,67,2
183,84,1
139,56,1
169,75,2
139,70,1
179,97,1
136,56,1
148,96,2
151,101,1
182,97,2
166,90,2
151,82,1
159,107,1
162,91,1
189,101,2
143,101,1
152,105,2
151,67,2
159,107,1
179,112,2
162,65,1
170,80,2
168,69,2
143,87,2
182,81,1
181,78,1
193,64,1
132,85,2
171,89,2
144,56,1
136,79,1
165,95,2
157,79,2
148,77,1
142,62,1
148,91,2
152,96,1
172,106,1
165,111,1
131,72,1
150,87,2
190,89,2
132,75,1
145,109,1
139,82,1
162,101,1
182,66,2
162,93,1
141,79,1
136,65,1
177,78,1
137,85,1
130,65,1
131,76,2
139,93,1
160,87,1
156,75,1
153,103,2
188,105,1
131,58,2
131,62,1
154,108,2
190,64,1
177,91,1
177,101,1
160,80,1
148,55,2
179,81,1
147,63,1
152,99,2
182,65,1
164,80,2
133,99,1
172,81,2
157,106,2
181,72,1
182,107,2
176,93,1
175,60,2
187,99,2
150,71,1
150,93,1
165,103,1
156,89,1
170,79,2
137,63,2
163,101,1
157,71,1
161,59,1
142,81,1
152,64,2
158,74,1
133,78,2
131,91,1
156,67,1
168,90,2
178,69,2
147,76,2
128,55,2
186,64,1
151,51,1
137,81,2
128,76,1
145,104,2
174,74,2
180,98,2
172,63,1
172,50,2
156,83,1
145,99,2
183,94,1
168,92,2
176,98,2
184,76,1
178,91,2
151,75,1
146,92,1
161,80,2
142,53,1
144,80,2
157,53,1
141,84,2
133,71,1
132,87,2
176,99,2
167,99,2
184,55,1
168,56,1
125,52,2
177,50,1
167,78,1
170,89,2
181,90,1
168,96,1
179,109,1
147,63,1
158,88,1
184,107,1
128,84,2
167,69,1
169,77,1
180,106,1
162,92,1
158,90,1
174,94,1
183,108,1
169,82,1
172,88,2
168,58,2
162,92,2
131,56,1
133,75,2
167,60,2
155,50,1
177,80,2
163,80,2
147,82,1
150,65,1
140,68,2
166,73,1
170,53,2
176,72,2
123,64,1
129,100,1
137,79,2
141,93,2
125,83,1
149,63,1
139,63,1
145,64,2
133,85,2
146,72,1
159,77,2
174,63,1
132,69,2
131,86,2
166,82,1
137,75,1
160,62,1
118,84,2
166,91,1
128,104,1
137,96,2
155,96,2
144,106,1
129,95,1
130,52,2
125,88,2
123,69,1
170,50,1
148,105,2
131,77,1
137,72,1
149,51,1
114,66,1
162,95,1
152,84,2
141,47,1
174,94,1
131,48,1
131,85,2
136,63,2
174,73,1
147,81,1
119,54,1
143,105,1
156,84,2
140,60,1
128,81,1
124,98,2
114,63,2
127,75,1
118,57,1
114,50,2
169,98,2
160,97,2
174,89,2
133,101,2
119,89,2
146,94,1
159,48,2
152,49,1
119,75,2
118,83,2
163,60,2
119,49,2
153,105,2
143,98,1
139,101,1
127,60,1
132,46,1
157,60,2
155,65,2
125,100,2
126,99,2
113,94,2
159,94,1
133,81,1
127,51,1
162,47,1
115,56,2
115,86,1
170,79,1
152,99,1
160,83,1
161,59,1
122,80,2
113,52,2
148,46,2
121,73,2
136,61,1
123,77,2
133,94,1
131,77,1
158,81,1
164,75,1
165,62,2
163,61,2
165,46,2
148,91,1
115,63,2
146,83,2
134,73,1
128,88,2
118,89,1
136,75,1
160,46,2
119,69,2
132,84,1
154,99,2
143,98,2
108,94,2
146,68,1
132,92,2
119,51,2
117,71,1
126,90,1
126,99,2
115,45,1
144,67,1
111,60,1
145,76,2
127,77,2
119,54,1
151,75,2
118,78,1
140,54,2
137,102,1
131,68,1
154,89,2
109,80,2
154,84,1
115,45,1
140,83,1
137,71,2
139,99,1
118,47,2
135,84,2
132,78,2
111,69,1
145,89,1
118,63,2
113,85,2
143,76,1
117,83,2
142,73,1
117,91,2
160,83,2
143,53,1
134,52,1
133,76,2
153,73,1
142,88,1
131,50,1
111,86,1
121,93,1
155,93,1
123,46,1
162,69,1
147,73,2
115,93,2
149,54,2
122,57,1
140,81,1
139,77,2
155,53,2
110,77,2
156,77,1
104,104,1
143,92,2
150,52,2
150,85,1
115,93,1
130,79,1
150,99,2
117,73,1
164,73,1
104,68,1
142,90,1
104,64,2
159,64,2
109,87,2
146,65,1
144,82,1
122,93,2
115,63,1
160,103,1
154,46,1
135,98,1
108,83,1
115,60,2
147,85,2
143,61,1
134,53,1
103,83,1
158,62,2
120,100,2
111,82,1
143,96,1
140,78,2
110,56,1
114,84,2
128,89,2
150,51,2
110,87,1
118,63,1
128,44,2
112,83,2
106,85,2
140,90,2
137,73,1
131,50,1
157,71,2
111,48,2
126,104,1
120,47,2
108,84,2
108,77,2
102,45,1
139,49,1
117,72,2
106,102,2
130,97,1
142,90,1
158,59,2
144,69,2
126,74,1
115,81,1
117,52,1
144,72,1
125,80,1
107,99,2
145,101,1
115,67,1
118,65,2
116,60,2
100,62,1
142,85,2
100,75,1
125,83,1
144,83,1
112,68,1
136,93,1
105,70,1
131,88,2
120,89,2
131,58,2
157,73,1
117,59,2
112,84,2
109,71,1
137,84,1
140,62,1
147,80,1
155,83,2
152,49,1
136,97,1
119,88,1
144,65,1
140,44,1
131,82,1
140,86,2
156,73,1
138,82,1
154,49,1
113,67,1
141,76,2
102,83,2
132,55,1
151,45,2
153,58,2
126,76,1
129,47,2
106,76,1
155,66,2
107,57,2
143,71,2
112,68,2
109,72,1
148,92,2
150,48,1
138,86,2
140,60,1
99,71,2
123,54,1
97,99,2
128,86,2
125,88,2
132,46,2
144,60,2
141,69,2
152,78,2
133,71,1
123,57,2
144,47,2
139,51,1
144,68,2
122,78,2
111,92,2
143,81,2
150,73,2
154,50,1
103,61,2
143,85,2
113,102,2
110,57,2
153,92,2
153,104,1
149,81,2
96,90,1
96,95,2
107,104,1
133,72,1
124,99,1
97,61,2
95,99,1
94,51,1
131,101,2
138,94,1
119,91,2
147,66,2
154,61,1
100,92,1
123,85,2
102,99,1
121,52,1
151,85,1
144,90,2
154,76,1
114,103,2
136,47,2
100,66,2
123,56,1
132,103,2
140,52,2
101,74,1
135,65,1
136,59,1
115,57,2
113,59,1
151,49,2
96,88,1
133,70,2
106,96,1
152,54,2
105,84,1
111,89,1
99,75,1
123,62,2
148,71,2
125,69,1
107,88,1
131,70,2
106,76,2
134,61,2
145,75,2
113,80,1
138,68,1
148,50,2
122,60,2
148,74,2
109,75,1
100,65,2
122,83,2
146,85,1
131,97,1
88,79,1
112,52,1
143,83,1
104,64,1
141,103,2
112,75,1
134,87,1
125,45,2
103,51,2
113,92,2
93,66,2
136,51,1
127,58,1
123,46,1
148,49,2
148,95,1
108,82,2
112,103,2
91,98,2
139,66,2
141,91,2
128,52,1
126,52,1
96,93,1
95,76,1
99,84,2
143,52,1
108,98,2
129,70,1
105,83,1
120,44,2
121,98,1
107,82,1
138,77,1
101,97,2
89,69,1
126,45,1
90,51,1
134,68,2
103,45,1
104,67,1
137,83,1
119,101,1
141,47,1
144,44,2
129,70,2
92,50,2
118,62,2
94,52,1
140,51,2
96,57,2
140,73,1
122,51,1
132,63,2
93,95,2
114,92,2
116,64,1
125,89,1
89,58,2
103,69,1
96,69,1
132,79,2
133,60,2
117,75,2
135,61,1
143,91,2
124,72,2
116,59,2
143,94,1
125,100,1
120,51,2
119,52,1
126,73,2
93,76,2
143,90,2
103,58,2
130,64,2
85,98,1
124,75,2
117,82,2
128,88,2
132,54,1
139,82,1
107,63,2
90,90,2
116,55,1
125,79,1
86,55,2
138,55,1
88,78,2
95,51,1
89,69,2
139,57,1
113,86,1
92,60,2
94,99,1
108,62,2
103,45,2
109,74,2
109,53,2
125,70,2
133,72,2
137,75,1
124,95,1
92,49,1
85,60,1
82,76,1
104,103,1
124,59,1
116,48,1
110,69,2
113,80,1
133,57,1
105,100,2
91,75,2
82,94,2
93,51,1
140,80,2
101,91,2
108,90,2
98,93,2
117,81,1
108,90,2
116,51,2
139,66,2
112,103,2
92,81,2
87,64,2
97,69,1
123,65,1
98,76,2
93,59,2
92,64,1
130,52,1
137,70,2
121,85,1
113,72,1
82,63,1
86,66,2
125,45,1
91,56,2
113,102,1
139,57,2
110,85,1
97,74,2
84,64,1
102,91,2
87,91,2
85,85,1
92,84,1
131,51,1
109,76,1
105,86,1
115,105,2
115,74,1
82,72,2
81,67,2
118,69,2
105,46,2
107,99,1
127,92,1
131,87,2
113,84,2
126,56,2
81,86,1
139,49,2
120,91,2
96,93,1
98,99,2
85,84,1
106,70,2
138,53,2
112,47,1
132,76,1
108,100,2
89,45,2
126,92,1
90,60,1
95,91,1
84,94,1
101,81,2
111,88,2
79,74,2
84,105,1
105,75,1
108,47,1
136,56,1
111,55,1
124,72,2
112,48,2
95,52,1
103,82,1
117,98,1
121,102,1
132,104,2
102,77,1
104,105,1
131,49,1
111,57,1
101,101,1
96,52,1
90,70,2
105,90,2
109,80,1
119,88,1
88,101,2
111,105,1
135,104,1
98,92,1
82,72,2
133,54,1
110,103,1
123,61,2
100,46,2
101,50,2
123,77,1
122,77,2
100,94,1
133,84,1
95,93,1
101,76,2
128,93,1
87,108,2
102,85,1
90,67,1
89,81,2
88,58,2
119,72,2
102,87,2
124,85,1
116,73,1
89,69,1
95,50,1
120,91,2
106,94,1
102,59,2
103,72,2
106,75,1
92,103,2
74,49,2
90,95,1
108,101,1
86,83,2
117,97,1
110,78,2
78,100,2
123,69,1
94,107,2
113,86,2
105,95,1
93,74,2
122,49,2
120,52,2
129,95,1
112,55,2
106,89,1
108,103,2
123,80,2
127,79,1
105,87,2
119,56,1
77,55,2
83,104,1
107,88,1
85,97,1
85,65,1
81,102,2
81,68,2
95,74,1
80,65,1
112,67,1
114,68,2
85,55,1
76,81,1
87,71,2
110,73,1
90,76,1
80,55,1
110,87,2
99,61,1
124,61,2
109,109,2
115,77,1
72,84,1
127,77,1
102,76,2
82,104,1
103,85,1
76,71,2
117,107,1
104,81,1
96,88,2
114,51,2
81,96,1
130,97,1
97,69,1
88,56,1
73,76,2
97,81,2
100,66,2
96,102,2
130,52,1
105,105,1
106,76,1
99,108,1
104,57,1
93,94,2
81,110,2
106,104,1
128,74,2
110,106,1
71,77,1
89,110,1
118,93,1
127,74,1
123,58,2
89,54,1
123,74,1
109,101,2
119,91,1
115,102,2
87,81,2
73,78,2
125,96,2
130,70,1
94,87,1
107,51,1
128,99,1
79,68,2
73,92,2
124,54,1
106,57,2
118,85,1
125,91,2
116,102,1
98,73,2
82,50,1
98,51,1
123,91,1
89,110,1
118,87,2
85,111,1
125,111,2
109,65,1
92,87,1
111,102,2
80,77,2
117,111,2
128,62,2
84,64,2
127,61,2
76,80,1
128,67,2
108,86,1
131,90,1
90,107,2
97,95,2
130,101,2
120,106,1
86,57,2
93,97,2
129,108,2
108,87,2
84,81,1
87,101,1
86,71,2
89,103,2
127,52,2
128,92,2
99,110,1
123,56,1
105,59,1
79,110,2
131,73,2
104,104,2
128,88,2
86,86,1
87,59,1
113,100,1
125,59,1
129,110,1
79,66,2
116,62,1
126,69,1
120,77,2
122,88,1
101,71,2
80,73,2
99,55,1
123,102,2
86,114,1
91,91,2
105,62,1
84,54,2
76,62,2
89,71,2
123,73,2
122,54,2
123,109,1
121,56,1
118,84,1
116,82,2
112,74,2
92,80,2
89,93,1
112,56,2
101,107,2
106,94,2
82,66,2
110,69,1
105,106,2
114,70,1
75,98,1
80,89,1
115,55,2
100,55,2
76,92,2
103,103,2
117,89,1
127,72,2
129,108,1
83,115,2
80,79,2
88,58,1
115,116,2
98,108,1
82,77,2
115,80,1
114,96,1
119,109,2
92,81,1
94,91,2
88,99,1
94,92,1
87,65,2
90,57,1
73,80,2
75,115,1
75,98,1
111,88,1
90,72,2
130,102,2
108,101,1
125,117,2
130,72,2
78,57,1
97,65,2
83,99,2
72,64,1
97,103,2
72,104,2
100,90,2
97,88,2
119,78,1
126,111,1
85,93,2
128,102,2
88,84,2
128,113,2
95,66,1
130,95,1
88,70,1
102,86,1
98,78,2
73,75,1
96,81,2
107,79,2
78,94,2
88,78,2
106,117,1
126,104,1
120,94,2
129,74,1
124,119,2
111,78,1
106,92,2
106,88,1
122,105,1
126,80,1
126,90,2
126,73,1
129,95,1
126,102,2
77,101,2
102,116,2
115,65,2
128,120,2
97,122,1
102,80,2
122,115,2
78,82,1
112,87,1
119,123,1
70,68,2
84,81,1
100,100,1
79,77,1
94,95,2
127,91,2
106,113,1
90,74,1
112,115,2
73,114,2
88,122,2
130,91,2
95,120,1
122,120,2
105,78,2
70,84,2
86,100,2
128,78,1
110,71,1
115,69,2
126,124,1
130,77,1
125,94,1
128,72,2
80,77,1
124,121,2
70,100,2
106,88,2
81,87,1
91,73,1
110,77,1
95,69,2
93,85,2
83,123,1
89,69,2
82,103,2
98,77,1
71,108,2
95,69,2
86,121,1
88,93,1
109,114,2
79,77,1
126,69,2
81,101,1
95,98,2
123,101,2
105,104,2
99,115,2
126,119,2
102,124,1
114,99,2
104,76,1
102,71,1
92,124,2
121,104,2
72,70,2
125,107,1
98,114,2
101,109,1
75,127,2
119,75,1
95,125,1
78,87,1
95,115,2
115,107,1
92,93,2
122,119,1
81,112,1
80,116,1
119,118,2
106,122,1
87,98,2
110,129,1
119,108,1
84,96,2
76,91,1
80,113,2
130,125,1
93,103,1
102,102,2
79,77,1
123,99,2
109,86,2
107,126,1
96,86,2
107,83,2
98,101,2
100,124,1
79,104,1
121,91,2
110,128,2
113,130,1
100,92,1
95,88,2
88,124,2
87,77,1
75,125,1
121,103,2
93,93,1
87,77,1
102,129,1
127,98,1
72,129,1
86,95,1
113,79,1
100,121,1
75,87,1
75,88,1
108,78,1
80,115,1
114,89,1
91,93,1
110,127,1
87,112,1
115,111,1
95,97,1
81,89,2
111,97,1
116,103,1
70,88,2
130,132,2
99,118,1
83,105,1
113,121,2
93,82,2
100,118,2
124,132,2
127,127,2
94,75,2
117,77,1
94,119,2
129,133,1
77,89,1
112,123,2
84,133,1
113,93,1
71,121,1
108,102,2
92,97,2
91,87,2
116,93,1
118,84,2
130,95,2
107,120,1
120,132,1
107,130,1
91,109,2
98,80,2
77,79,1
111,116,1
126,84,2
100,113,1
123,114,1
101,93,2
126,118,1
79,129,2
82,110,1
119,132,2
113,125,1
130,134,2
121,100,2
72,120,2
118,133,2
103,102,1
123,113,1
78,96,1
109,106,1
71,99,2
122,96,1
108,79,1
96,94,1
121,85,2
78,100,1
103,82,1
93,135,2
89,123,2
88,116,1
130,88,1
87,115,2
122,90,1
73,124,2
87,105,1
79,120,2
119,83,1
96,130,2
83,103,1
127,81,1
71,91,1
76,119,1
127,127,2
121,79,2
127,90,1
129,123,1
103,106,2
97,107,2
109,110,1
104,136,1
102,135,1
96,130,2
97,132,2
77,133,2
93,123,1
79,77,2
79,130,2
118,120,1
98,116,1
84,84,1
108,115,2
87,103,1
131,139,1
89,126,2
79,131,2
107,101,1
125,134,2
113,137,1
82,136,1
86,118,2
98,81,1
93,131,2
89,115,1
104,115,1
127,86,1
92,117,1
96,127,1
124,128,2
112,126,2
110,109,2
131,88,1
86,102,2
130,132,1
76,94,2
79,128,2
107,94,2
81,98,1
132,112,2
100,106,2
80,87,2
121,138,1
93,126,1
118,123,1
103,99,2
97,129,2
87,97,1
130,93,1
87,102,2
88,103,1
124,112,1
125,86,2
106,101,2
106,102,1
103,106,1
88,144,2
97,93,2
120,140,2
75,86,1
94,127,1
94,133,1
91,100,2
80,86,2
135,95,2
107,102,2
113,100,1
125,106,1
97,116,2
125,99,1
107,136,1
83,95,2
105,103,2
121,100,1
114,139,1
112,110,2
79,110,1
86,86,1
84,132,2
106,105,2
82,112,2
122,120,1
113,141,1
113,142,1
121,141,1
81,143,2
107,86,1
118,135,2
78,96,1
93,141,1
133,102,1
124,102,1
84,124,2
109,145,2
123,116,2
108,93,2
120,106,2
95,115,1
114,110,1
95,123,1
126,133,1
100,123,2
94,104,1
95,148,2
103,139,2
85,133,1
84,112,2
133,150,1
89,112,1
90,108,2
102,100,2
127,90,1
110,105,2
129,91,1
128,149,1
86,102,1
102,129,2
93,116,2
134,112,2
94,128,1
127,109,1
84,108,1
83,133,2
118,131,2
105,95,1
120,133,2
87,95,2
83,109,2
134,92,1
91,139,1
111,119,1
123,110,2
97,109,2
128,111,1
113,126,1
113,112,2
140,123,2
132,95,2
109,134,1
104,153,2
85,128,1
108,96,2
135,101,2
124,143,2
122,106,1
145,127,2
139,104,2
102,133,1
88,124,1
121,119,2
143,125,1
104,107,1
141,95,2
127,120,1
116,102,1
89,99,1
115,96,1
104,136,1
142,130,2
120,134,1
143,100,2
101,121,1
119,141,2
131,134,2
141,126,1
143,112,2
94,118,1
145,151,2
93,142,2
144,96,1
131,93,1
99,152,2
110,109,1
147,124,1
127,121,1
119,119,1
124,104,1
108,134,2
113,117,1
93,156,1
120,147,1
140,100,2
90,121,2
129,97,1
102,131,1
114,130,2
141,136,1
125,139,2
143,110,2
106,118,2
132,102,1
128,137,2
102,130,2
149,103,1
122,127,2
108,135,2
119,101,1
99,103,1
138,149,2
101,136,2
142,136,2
109,129,1
120,125,1
130,146,1
148,149,2
137,137,2
149,127,2
137,139,1
123,148,2
148,126,1
103,125,1
102,148,1
120,130,1
113,112,1
109,104,1
150,133,1
150,104,2
123,123,1
137,115,1
94,127,1
99,132,1
127,137,1
137,110,1
119,160,1
95,117,2
124,122,2
126,100,2
114,108,2
148,159,1
97,115,2
99,127,2
137,121,2
116,142,1
128,105,1
140,114,2
118,126,2
135,154,1
99,101,1
95,151,1
94,146,1
136,140,1
118,155,2
126,110,1
118,115,2
144,136,1
94,124,1
147,156,2
154,156,2
150,128,1
154,139,2
119,140,2
108,101,1
140,154,1
143,104,2
108,123,2
134,104,1
116,151,1
131,145,1
140,160,1
147,159,2
131,155,2
152,137,2
161,141,1
110,127,1
112,110,2
116,115,1
114,127,2
157,114,1
120,105,1
148,112,1
125,149,1
141,146,2
110,158,2
159,109,2
160,149,1
109,153,2
140,114,1
138,105,2
135,143,2
112,126,2
110,114,2
119,138,2
140,149,1
104,128,1
111,145,1
151,127,2
162,125,1
132,117,1
156,149,2
123,128,1
148,150,2
145,122,2
143,144,2
129,161,1
125,153,2
112,105,2
131,141,1
139,107,2
134,151,1
131,110,1
149,113,2
141,154,2
120,110,1
147,129,1
119,131,1
119,121,1
160,158,1
108,157,2
121,163,1
117,106,2
139,124,2
161,123,2
114,142,1
108,151,1
121,123,1
148,161,2
157,156,2
160,144,2
162,119,1
156,127,2
164,156,1
148,127,1
164,161,1
136,158,1
148,150,2
146,131,2
159,129,1
128,160,1
116,129,2
156,130,1
120,127,2
114,110,2
147,154,1
144,141,1
150,160,2
123,129,1
118,112,2
157,137,1
131,107,1
147,163,2
121,115,1
128,119,2
110,121,2
169,164,2
112,146,2
143,165,1
141,157,2
121,107,2
123,121,2
137,137,1
164,109,2
134,166,1
114,138,2
129,108,1
160,147,1
155,110,1
150,158,1
118,108,1
119,166,1
121,134,2
112,137,2
158,146,1
110,161,2
138,147,2
149,167,2
141,135,1
149,113,2
160,154,1
157,137,1
112,138,1
126,142,1
113,113,2
137,162,1
148,108,2
161,113,2
150,156,1
133,146,2
143,120,2
170,141,1
161,162,2
146,137,1
123,144,1
149,153,2
123,119,1
120,130,2
169,108,1
134,141,1
164,135,2
129,128,1
146,142,1
145,149,2
121,154,2
127,117,2
127,108,2
147,127,1
112,142,1
148,115,1
140,137,1
114,151,1
147,148,2
148,161,2
150,159,2
137,153,2
126,157,2
153,129,2
114,141,2
166,138,2
144,155,1
115,132,2
168,140,1
157,150,2
111,146,1
129,161,2
132,165,1
121,113,2
126,115,1
134,109,2
127,122,1
117,145,2
139,146,1
157,157,1
166,121,1
144,108,2
131,144,1
171,122,2
172,139,1
119,146,2
169,159,1
153,133,1
147,164,2
118,161,1
151,145,2
154,140,1
123,140,2
145,109,2
166,155,2
170,121,1
167,129,2
137,141,1
127,112,1
141,129,1
138,154,2
120,140,2
172,132,1
146,144,2
158,122,1
118,109,2
121,163,2
118,118,2
112,162,2
142,121,2
123,137,2
170,159,2
135,119,2
158,135,1
123,168,1
159,113,1
133,169,2
138,152,1
125,136,2
175,167,2
150,152,2
161,143,1
122,165,1
159,144,2
159,143,1
123,141,2
166,112,1
131,131,1
161,114,2
129,115,2
141,165,1
151,116,1
157,110,1
153,137,2
129,128,2
151,114,1
151,144,1
179,167,2
169,119,2
161,132,1
140,166,2
132,160,1
137,133,2
164,158,1
164,117,1
125,141,2
119,115,2
173,162,2
162,145,1
121,136,2
167,159,1
169,119,1
159,114,1
171,147,2
157,138,2
170,113,2
134,139,2
131,132,2
167,131,2
162,130,2
141,131,2
148,156,1
128,161,2
135,158,2
156,167,1
166,119,1
128,147,1
133,129,1
179,127,1
153,118,2
140,160,2
132,148,2
175,143,2
154,171,2
178,135,2
133,124,2
131,162,2
172,162,2
166,153,1
147,120,1
132,130,1
125,136,2
145,127,1
182,144,1
183,135,2
150,151,2
173,163,1
167,143,2
169,138,2
143,118,1
135,128,1
150,126,2
167,160,1
155,163,1
162,165,2
156,135,2
138,164,2
191,140,2
169,164,2
185,159,1
164,127,1
177,171,2
190,158,1
193,154,2
144,154,2
179,169,1
181,116,2
168,124,1
165,137,1
185,138,1
168,158,1
174,147,1
142,131,1
161,136,1
175,127,2
143,119,1
152,138,1
151,157,2
191,167,2
168,166,1
196,113,1
151,152,2
173,169,1
181,129,2
144,117,1
174,144,1
156,158,2
157,166,2
152,156,2
171,165,2
178,164,2
159,131,1
146,160,1
168,164,1
190,168,2
157,120,1
145,114,1
148,166,2
172,159,1
163,161,2
187,133,1
165,135,2
187,148,1
160,123,1
177,139,2
199,126,1
172,171,1
169,153,2
193,146,1
194,137,2
144,163,2
185,155,1
164,127,2
193,115,1
169,124,2
199,116,2
181,140,1
185,142,2
191,122,2
161,128,1
172,160,1
157,165,1
146,121,2
146,166,1
195,122,2
171,115,1
172,153,1
169,125,1
196,148,1
155,127,2
152,113,1
186,168,1
153,149,1
177,162,1
150,139,2
166,173,1
159,161,1
168,121,2
154,156,2
182,117,2
152,141,2
153,128,1
166,160,1
189,123,2
186,170,2
180,123,1
190,123,2
186,113,2
194,158,2
172,154,2
196,156,2
170,142,1
193,122,2
187,152,2
199,160,2
162,113,1
165,144,2
200,154,2
172,150,2
199,170,1
202,135,1
144,150,2
162,125,1
166,131,2
203,121,1
180,157,2
204,173,2
166,160,2
146,171,1
170,131,2
200,147,2
184,134,2
197,156,2
183,138,2
164,153,2
188,118,2
176,173,2
159,122,2
152,131,2
165,128,2
198,124,1
153,150,1
155,156,1
191,119,1
206,131,2
187,145,1
194,173,2
157,125,1
172,163,1
165,117,1
165,169,1
188,116,2
167,168,2
178,120,1
202,121,1
179,149,1
186,154,1
149,173,2
163,157,2
164,162,1
159,122,1
195,151,2
201,142,2
174,132,2
149,159,2
181,156,1
188,114,1
175,140,2
199,158,1
179,130,2
204,153,2
210,123,1
206,169,1
178,134,2
163,157,2
170,114,1
172,150,1
169,150,2
173,132,2
161,164,2
202,121,1
192,165,1
200,137,2
167,113,1
208,143,2
210,148,2
151,124,2
198,162,1
193,143,1
192,170,2
194,131,1
156,125,2
175,133,1
158,166,1
185,121,1
204,139,1
164,170,2
203,133,1
205,170,1
208,117,2
158,150,2
209,150,1
194,121,1
200,125,1
159,137,1
177,128,1
171,158,1
200,152,1
192,164,1
200,170,2
209,121,1
185,172,2
151,154,1
167,133,1
170,128,1
202,117,2
164,131,2
183,157,1
209,149,2
164,136,2
201,134,1
187,121,2
164,125,2
158,144,1
177,153,2
175,157,2
167,127,1
207,172,1
172,143,2
168,170,1
163,155,1
171,150,2
190,173,1
163,119,1
168,145,2
198,172,2
165,134,1
166,169,1
193,152,1
182,166,2
186,142,1
198,151,2
180,115,1
158,163,1
168,126,2
196,133,2
172,143,1
157,144,1
159,162,2
164,149,2
207,160,2
159,125,1
153,161,1
173,169,1
209,149,1
195,155,2
202,121,1
165,153,2
202,117,2
175,116,2
165,165,1
188,170,2
192,130,2
160,166,2
175,120,1
202,133,2
201,155,1
170,142,1
157,133,2
187,114,1
173,138,1
204,115,1
153,125,1
179,144,2
213,161,2
165,148,1
191,120,2
202,143,1
196,133,1
201,141,1
189,140,1
212,152,2
204,115,1
187,139,2
204,123,1
210,128,1
189,139,1
155,128,2
157,169,1
191,121,1
164,159,2
175,147,2
199,166,1
174,134,2
160,129,1
166,113,1
182,149,1
202,142,1
164,132,2
173,136,2
153,137,2
196,128,1
159,123,1
175,115,2
208,117,2
176,164,1
212,119,2
174,158,1
186,152,1
164,130,2
190,147,1
173,168,2
185,123,1
200,135,2
181,146,1
203,147,2
201,120,2
168,171,2
182,154,2
167,150,2
210,127,2
173,124,2
187,148,1
191,112,1
192,147,2
198,128,2
181,117,1
201,127,1
172,133,1
167,171,2
191,125,2
185,158,2
164,164,1
170,115,1
173,161,1
167,152,2
191,132,2
173,167,1
213,111,1
213,134,1
190,114,1
189,145,1
183,144,2
185,164,1
194,119,1
166,138,1
199,123,1
181,134,2
159,125,1
157,150,1
168,150,2
176,125,1
202,115,1
157,162,1
171,149,1
201,139,1
181,135,2
176,117,2
175,158,2
200,153,1
195,154,2
175,145,2
208,127,1
213,113,1
182,166,1
194,146,2
183,160,1
208,138,2
182,171,1
155,163,2
213,122,1
155,120,2
174,151,2
186,116,1
205,134,2
174,143,2
194,150,1
177,167,1
183,132,2
167,111,1
178,110,2
188,124,2
162,138,2
213,132,1
204,152,1
191,120,2
171,163,1
164,117,2
194,118,1
181,143,2
163,132,2
170,116,2
174,125,1
192,162,1
183,133,2
188,114,1
195,157,1
208,109,1
178,118,2
211,122,2
196,148,2
211,155,1
189,155,2
169,127,2
166,143,2
191,129,2
212,154,2
200,116,2
174,111,1
185,160,2
161,138,1
191,165,1
193,155,1
202,146,1
167,117,1
171,154,1
190,143,1
174,135,1
185,159,2
201,107,1
170,114,1
186,139,2
176,140,1
193,141,2
199,152,1
195,130,1
174,137,1
202,149,2
198,165,1
168,154,1
200,139,2
199,156,2
172,156,1
177,142,1
180,150,2
214,154,2
194,134,1
160,119,2
173,122,1
198,128,2
172,127,2
176,107,1
166,154,2
201,146,2
166,153,2
158,147,1
173,112,2
217,119,1
187,114,1
173,144,1
168,146,1
172,156,2
188,128,2
160,130,2
179,142,1
179,112,1
202,131,2
201,101,1
204,119,2
161,136,2
209,158,1
178,149,1
193,127,1
218,130,1
184,135,1
168,121,2
217,160,1
217,150,2
204,124,2
205,116,1
206,153,1
216,159,2
209,107,2
166,150,1
209,149,1
220,125,2
166,144,1
188,127,1
196,147,1
187,124,2
179,146,2
191,101,1
217,121,2
187,127,1
183,155,2
165,151,1
211,106,2
201,129,2
187,154,1
197,113,1
190,129,1
168,117,2
209,113,2
161,129,1
164,115,1
173,121,1
199,105,1
163,100,2
170,142,1
197,96,2
212,116,2
217,144,2
170,111,1
187,118,2
193,125,2
204,153,1
171,130,1
165,136,1
194,122,1
199,131,2
161,111,2
181,145,1
201,151,2
172,124,1
163,149,1
163,152,1
216,118,1
169,99,1
209,142,2
172,150,2
162,129,2
208,114,2
185,132,2
174,127,2
212,136,1
190,156,1
212,125,2
196,134,1
172,97,1
211,107,1
199,154,1
220,111,1
215,121,1
207,114,2
182,97,2
187,137,1
188,106,2
162,93,2
218,138,2
186,151,2
193,124,2
164,120,2
213,109,1
194,142,2
212,130,1
164,133,2
195,134,1
214,108,2
221,135,2
217,105,1
199,150,2
171,95,2
184,116,1
220,111,1
212,140,1
169,144,2
203,143,2
200,100,1
175,123,2
218,146,1
181,134,1
172,119,1
221,99,1
199,102,2
209,96,2
185,149,2
193,116,2
196,123,1
193,101,1
217,92,1
214,123,2
208,130,2
186,94,2
174,87,2
188,140,2
189,96,2
190,112,2
200,99,2
220,96,1
209,146,1
164,135,2
194,103,2
214,92,2
186,145,1
190,99,1
190,99,2
183,127,2
182,88,2
177,134,2
173,86,1
196,89,1
210,90,1
210,139,2
177,89,1
181,102,1
205,113,1
197,94,2
194,96,2
207,100,2
215,119,2
219,106,2
188,146,2
167,109,2
204,86,2
188,139,1
189,132,2
184,121,1
188,93,2
170,107,2
211,86,2
177,109,2
219,135,2
220,108,2
176,142,1
206,113,2
194,131,2
187,121,2
164,126,1
221,130,1
204,88,1
191,98,2
195,124,1
183,145,1
215,139,1
189,106,2
204,119,1
183,89,2
166,127,2
198,116,1
182,132,2
166,89,2
207,130,2
192,141,2
194,144,1
182,140,2
170,119,2
202,119,2
198,144,1
209,138,2
211,115,1
177,105,1
162,133,2
174,123,2
184,95,2
194,103,2
221,90,1
203,128,1
167,138,2
208,98,1
192,119,1
172,105,2
202,98,1
167,115,2
172,85,2
182,89,1
217,139,2
204,96,2
217,130,2
164,137,2
197,138,1
206,124,1
161,128,1
188,115,1
186,126,2
181,132,1
210,128,2
164,142,1
172,126,1
197,122,1
199,90,1
169,124,1
213,130,1
211,133,2
209,127,2
210,87,2
185,120,1
193,104,1
192,101,1
201,95,2
177,86,2
168,139,1
167,90,1
171,88,2
217,113,1
207,115,2
166,129,1
188,101,1
218,105,2
177,118,1
181,131,1
161,124,2
190,90,2
173,137,2
209,109,1
217,116,1
200,114,2
200,124,2
215,138,2
185,113,1
180,138,2
170,137,2
182,128,2
163,131,2
197,126,2
218,127,1
192,104,2
190,92,2
209,96,1
216,130,1
181,132,2
203,132,2
204,100,1
164,84,2
214,122,1
188,92,1
215,97,2
190,131,1
171,102,1
200,136,1
162,92,2
184,119,1
185,127,2
184,130,1
174,95,2
201,109,1
197,128,2
191,98,1
198,93,2
190,121,2
181,117,1
171,124,2
210,138,1
160,126,1
184,87,2
166,120,2
176,130,2
211,115,2
173,83,1
199,86,2
186,137,2
187,131,2
201,136,2
188,107,1
173,134,2
205,102,2
190,134,2
185,123,1
180,80,2
170,114,2
179,96,1
166,115,2
179,97,1
175,97,1
206,107,1
216,109,1
216,94,1
216,84,2
193,121,1
192,125,1
212,125,2
182,97,1
171,117,2
178,124,1
211,122,2
173,130,2
214,114,2
183,136,2
188,129,1
183,95,1
172,101,2
189,94,2
213,91,1
168,87,1
196,85,1
171,97,1
194,84,2
166,127,2
215,108,2
213,116,2
176,102,1
159,83,2
201,128,1
175,78,2
208,81,1
213,105,2
215,137,2
158,123,1
182,116,1
183,130,1
185,81,1
173,81,1
206,97,2
208,82,2
159,95,1
181,119,2
213,101,1
185,112,2
165,105,2
206,130,2
185,124,2
159,128,2
210,120,1
170,88,2
166,109,2
188,124,1
216,99,2
197,110,1
167,107,1
174,80,1
162,130,2
158,129,1
183,127,1
203,78,2
205,116,2
196,124,2
194,101,2
207,125,1
211,115,2
169,97,1
205,116,1
169,122,1
158,131,1
205,85,2
159,98,1
160,79,2
189,91,1
202,100,2
213,132,1
162,91,1
188,88,1
180,108,2
186,124,1
169,95,1
188,101,1
175,134,1
214,131,1
212,92,1
213,88,1
162,103,1
184,94,2
168,93,1
214,92,1
189,118,2
210,87,1
161,102,2
195,129,1
210,134,2
182,109,1
188,104,1
204,93,1
212,120,2
165,100,1
211,95,1
162,121,2
184,97,1
196,108,2
198,128,2
156,125,2
172,86,2
160,122,1
198,99,1
167,93,2
194,99,1
178,105,1
194,129,2
210,98,2
160,117,1
173,76,2
201,98,2
183,90,1
180,110,2
197,103,2
172,104,2
210,125,1
174,91,2
159,114,1
196,92,1
178,107,2
209,110,2
192,83,2
175,89,1
180,123,2
203,101,1
166,89,1
172,95,1
166,103,2
201,122,2
156,82,1
203,86,2
205,111,1
178,119,2
179,107,1
194,101,2
153,85,2
200,115,1
200,90,1
161,91,1
169,124,2
192,123,1
184,129,2
187,107,1
178,102,1
190,112,1
188,71,2
153,115,1
192,101,1
156,89,1
207,88,2
183,70,1
191,104,1
161,127,1
185,96,2
183,130,1
202,79,2
161,84,2
171,93,2
192,72,1
172,91,1
199,124,2
196,100,2
183,81,2
190,84,1
203,85,2
176,80,1
179,80,1
163,102,2
169,113,2
191,115,1
186,75,2
179,120,1
189,89,2
199,96,1
177,77,2
192,98,2
150,124,1
180,76,1
157,86,2
194,81,2
157,113,2
198,82,1
192,106,1
179,90,2
166,81,1
164,96,1
201,91,2
201,111,2
183,89,1
154,100,1
200,74,1
168,123,1
168,93,2
186,114,1
155,68,1
208,101,2
148,102,1
207,69,2
174,115,2
198,108,1
185,120,1
185,66,2
158,72,1
170,101,1
152,97,1
189,120,2
188,93,1
194,82,2
186,125,1
198,102,1
189,66,1
197,79,2
148,113,2
160,87,2
149,112,2
189,60,2
152,68,2
155,98,2
154,110,2
177,97,2
193,76,2
153,110,2
183,79,1
145,64,2
177,107,2
160,78,2
189,92,1
158,61,1
172,80,2
196,107,1
176,118,2
148,84,1
163,61,1
152,98,2
145,109,1
156,69,2
148,105,2
179,77,1
190,109,2
193,87,1
196,92,2
193,60,2
197,87,2
159,73,1
183,120,2
143,115,1
168,95,1
189,65,1
176,107,1
203,74,1
151,107,2
156,99,2
181,118,1
176,100,2
171,84,1
167,66,1
147,61,2
164,98,2
200,91,2
143,77,1
155,100,1
172,103,2
158,65,2
174,115,1
190,67,1
179,83,1
190,98,2
178,73,2
149,84,1
171,62,2
141,78,2
148,113,2
154,84,2
187,96,1
143,114,1
175,69,1
200,105,1
189,64,2
198,112,1
148,102,1
145,96,1
199,109,2
155,76,2
192,99,2
153,100,2
192,95,1
150,96,2
157,102,1
190,73,1
153,66,2
192,111,1
185,65,1
147,93,1
151,71,2
155,114,2
182,99,2
166,63,2
181,81,1
177,81,1
191,84,2
140,89,1
164,101,1
156,88,2
141,89,2
178,86,1
188,105,1
173,63,2
169,74,1
177,102,1
146,94,2
182,60,2
150,77,1
167,111,2
163,105,1
139,64,1
145,62,1
170,110,1
152,82,2
185,104,2
172,111,2
193,95,2
165,58,1
169,73,1
172,107,2
195,114,1
153,110,1
173,109,1
173,101,2
167,61,2
195,108,2
149,74,1
161,58,1
196,100,2
173,89,1
140,108,1
158,82,1
150,78,2
171,97,2
193,100,2
149,114,1
157,97,2
172,56,1
185,75,1
148,84,1
144,99,2
176,110,2
192,112,2
142,75,1
190,55,1
135,89,1
159,96,2
153,90,1
156,69,2
177,106,2
158,69,2
134,84,1
146,87,2
164,59,2
135,85,2
183,95,1
171,90,1
137,112,2
155,110,2
193,97,1
190,59,1
192,113,1
177,105,1
182,77,2
186,58,1
176,56,1
140,77,1
161,59,1
172,104,2
158,84,2
182,103,1
183,100,2
147,108,1
140,57,1
177,108,1
158,114,1
161,79,1
135,68,1
176,82,1
150,73,2
173,105,1
166,109,2
144,102,1
168,82,1
140,65,1
138,73,1
174,83,1
144,78,1
148,114,2
154,56,1
150,101,1
142,104,1
153,59,1
152,74,1
134,84,1
164,87,1
151,68,1
144,88,1
134,94,1
138,62,2
142,56,1
134,83,1
168,76,1
146,95,2
136,86,2
145,99,1
135,61,2
152,74,1
182,111,2
136,78,2
180,83,2
150,55,1
142,69,1
145,80,2
145,98,1
170,68,2
163,110,1
181,55,1
161,101,2
155,64,2
161,58,2
131,55,1
129,69,2
181,89,2
141,76,1
175,89,1
129,112,2
169,94,2
170,90,1
139,79,1
127,54,1
186,84,1
129,58,1
129,83,1
131,59,1
176,57,2
164,75,1
158,92,1
187,106,1
174,113,1
179,62,1
155,94,1
176,107,2
181,95,1
158,98,2
168,90,2
129,72,2
166,63,1
160,70,2
129,55,2
177,106,1
152,101,2
131,76,2
180,80,1
172,70,1
177,55,2
179,80,1
130,67,1
168,65,2
160,67,2
159,82,2
138,99,1
177,84,1
164,104,1
141,68,2
160,66,1
150,85,1
135,55,2
148,103,1
138,77,2
165,101,2
171,53,2
148,80,1
182,65,2
174,82,1
125,92,2
152,104,2
131,58,2
164,56,1
183,82,1
148,55,2
157,68,2
148,107,1
157,87,2
160,102,1
178,76,2
132,59,1
139,112,1
174,79,1
155,106,1
123,94,1
137,58,1
149,87,2
174,75,2
159,71,1
163,109,2
133,103,1
161,74,1
146,70,2
137,70,2
156,68,2
123,90,1
120,92,1
119,67,1
133,63,1
175,104,1
159,108,2
127,72,2
144,108,2
159,82,2
149,111,1
142,78,1
162,107,1
125,61,2
148,56,2
134,99,1
151,102,2
142,75,1
121,61,1
127,109,1
172,87,1
146,75,1
137,104,1
147,72,2
144,67,1
175,66,1
174,87,2
146,97,2
150,77,1
145,56,1
136,54,2
126,92,1
131,97,2
120,60,2
139,110,1
166,83,1
117,109,1
165,78,2
149,101,2
120,72,2
164,101,1
117,68,2
140,88,2
169,75,1
117,65,1
123,80,1
165,80,2
170,91,1
159,53,1
137,77,1
156,69,2
161,80,2
138,102,2
163,85,1
136,57,1
133,90,2
164,75,1
144,54,2
130,90,1
149,75,2
168,63,2
130,110,2
124,89,2
153,107,1
160,100,2
152,85,2
123,71,2
171,107,2
167,51,1
166,98,1
145,55,1
159,84,1
116,95,2
125,82,2
114,96,1
124,52,1
169,65,1
158,102,1
119,78,2
125,66,2
114,65,2
119,86,2
124,54,1
151,91,2
120,75,1
116,94,2
130,92,1
118,98,2
135,91,1
138,88,2
164,65,2
141,89,1
111,104,1
119,72,2
166,74,2
155,91,1
161,95,1
124,106,1
147,110,2
167,104,2
157,59,1
140,97,1
167,87,1
165,63,1
159,94,1
162,102,2
109,72,2
157,86,1
136,69,2
119,75,2
140,89,1
119,87,1
161,96,1
129,50,2
142,78,1
113,64,1
135,60,2
150,82,1
146,104,2
152,96,2
120,65,1
138,57,1
128,77,1
104,54,1
161,95,2
139,84,2
133,51,1
163,104,1
106,98,1
122,58,1
134,70,1
128,69,1
105,99,2
120,86,1
120,57,1
142,71,1
127,105,1
137,59,2
119,107,2
132,87,1
121,80,2
119,85,1
106,49,1
110,83,2
148,69,1
122,78,1
159,109,2
106,94,1
134,100,2
117,66,1
115,100,1
120,54,2
106,105,2
118,98,2
159,50,1
113,106,2
102,55,1
144,88,2
112,53,2
118,95,2
130,60,2
158,53,1
162,101,1
120,62,2
153,75,1
136,83,1
123,107,1
138,89,2
116,76,2
112,53,1
122,83,2
160,68,1
128,108,2
119,92,2
133,88,2
140,73,2
144,49,1
160,61,1
139,83,2
135,77,1
129,53,1
116,68,2
119,55,2
156,107,2
116,69,2
130,72,2
121,104,2
135,52,2
142,95,1
149,93,1
143,75,2
142,64,1
104,102,2
144,65,1
118,70,1
127,50,2
154,108,2
121,73,2
105,51,2
115,92,2
129,90,1
122,106,2
115,97,1
137,93,1
112,65,2
114,54,2
143,108,2
150,59,1
159,51,2
100,93,2
110,97,1
145,109,2
158,78,2
158,97,2
145,88,1
154,66,1
126,88,1
140,55,2
145,82,2
152,53,2
113,74,2
146,62,1
115,100,2
147,95,2
129,88,1
151,54,1
117,91,2
154,94,1
107,96,2
133,91,1
126,84,2
130,82,1
137,86,1
146,51,1
121,88,2
109,81,1
122,104,2
146,74,1
107,89,1
105,106,2
112,60,2
132,89,2
99,86,1
126,92,1
110,85,2
143,108,2
135,57,1
144,92,1
92,51,2
94,96,1
139,88,2
108,75,2
125,102,2
125,83,2
140,92,2
149,61,1
105,56,2
104,93,2
113,76,1
139,101,2
126,56,1
126,95,1
131,95,1
142,51,2
108,107,2
100,98,1
125,57,2
130,68,2
117,69,2
100,80,1
121,59,1
97,70,2
110,52,2
120,95,1
108,69,2
127,57,2
107,105,1
99,63,1
89,73,2
148,73,1
131,96,2
139,62,1
126,73,2
95,65,2
109,92,2
90,52,1
132,49,1
147,89,2
123,84,2
121,76,1
105,53,2
146,102,2
106,83,1
133,84,1
131,80,1
135,98,2
89,78,2
105,99,2
106,83,2
105,73,1
90,108,2
145,101,2
126,61,1
99,52,2
111,80,1
128,67,2
138,107,2
121,92,2
140,61,1
115,73,2
128,84,1
84,76,2
116,66,2
104,96,2
96,71,2
130,82,1
128,102,1
88,64,1
101,97,2
116,71,1
122,97,2
106,84,1
133,68,2
117,73,1
89,76,1
124,50,1
100,76,2
85,99,1
88,69,1
99,57,2
125,77,2
123,57,1
120,94,2
87,95,2
118,87,1
86,62,1
123,54,2
94,102,1
92,68,2
101,108,1
93,69,1
121,75,1
110,87,1
125,109,2
91,94,1
111,62,2
133,79,1
95,88,1
113,55,1
83,70,1
97,60,2
102,56,2
120,106,1
101,99,2
79,66,2
103,68,2
135,100,2
114,74,2
109,93,2
84,66,2
111,91,2
122,78,1
111,89,1
112,57,2
90,69,1
97,90,2
78,57,2
88,75,1
108,99,1
126,97,1
78,53,2
80,101,2
107,72,2
81,94,1
111,53,2
89,67,1
111,111,2
113,111,1
108,90,1
109,102,2
120,56,2
102,105,1
103,91,1
98,79,1
93,83,1
135,95,1
103,51,2
81,92,1
79,108,2
76,93,1
117,58,1
105,89,2
98,79,1
78,94,2
122,58,1
81,77,2
116,61,2
101,65,1
115,102,1
111,62,2
121,82,2
83,74,1
108,85,2
119,88,1
109,100,1
75,65,2
87,65,2
124,65,1
78,87,1
91,74,1
121,111,1
111,55,2
129,102,1
112,89,1
84,98,1
103,94,2
83,105,1
89,66,2
130,62,2
124,63,2
129,70,1
99,83,1
73,94,2
100,60,2
114,63,2
120,94,2
92,74,1
95,112,2
116,93,1
111,89,2
75,60,1
69,113,2
125,96,2
119,112,1
79,72,2
98,63,1
79,60,2
94,64,1
105,102,1
102,76,2
111,108,2
113,116,1
110,93,2
69,63,2
75,100,1
114,102,2
74,60,2
76,105,1
121,81,2
96,116,2
107,82,1
111,66,1
127,88,1
76,104,1
78,115,2
114,73,1
120,104,2
81,59,2
119,92,1
116,62,1
68,63,1
98,106,2
98,75,1
86,85,2
96,86,1
102,78,2
120,69,2
127,75,2
91,64,1
99,70,2
110,96,1
124,106,1
73,59,1
111,86,1
83,84,2
77,65,2
75,62,1
94,59,2
99,61,2
73,93,2
95,103,1
102,96,1
102,115,1
119,113,2
99,101,2
97,77,1
103,62,2
98,109,1
120,75,1
87,92,2
106,114,2
117,96,1
88,75,1
121,78,1
80,82,1
102,77,1
77,103,1
120,110,2
112,69,1
111,61,2
77,83,2
77,99,1
78,106,2
66,104,2
75,70,2
71,112,2
73,107,2
113,108,1
89,90,2
82,93,2
104,67,2
121,99,1
83,121,2
118,121,1
101,64,2
66,117,2
74,109,1
87,114,1
71,63,1
83,68,1
120,111,1
86,81,1
105,76,2
68,65,2
68,84,2
96,65,2
104,99,2
88,95,1
105,77,2
79,77,2
66,78,2
73,123,2
115,113,2
91,111,1
63,103,2
63,73,2
89,112,2
99,106,1
87,102,1
76,76,1
91,85,1
105,98,1
87,69,1
118,110,2
113,88,2
120,74,1
74,117,1
111,107,1
72,72,2
81,77,1
73,126,1
62,95,1
115,130,2
93,101,2
74,79,2
72,123,1
112,101,1
65,73,2
116,117,2
96,104,1
86,127,2
115,90,1
105,122,1
77,78,1
110,92,1
96,73,1
75,80,1
82,127,1
103,103,2
108,113,1
75,112,2
103,75,1
71,128,2
118,85,1
94,120,2
88,107,1
98,85,1
73,101,2
72,99,2
78,116,1
120,107,1
67,126,1
67,102,1
110,93,1
105,73,2
104,97,2
107,88,2
117,126,1
72,117,1
60,82,2
116,94,2
103,75,2
87,82,1
103,107,2
105,80,1
105,88,1
58,84,1
117,78,2
102,75,1
90,129,1
114,132,1
91,129,1
104,99,1
104,83,1
96,99,1
71,122,1
101,120,1
64,119,1
117,127,2
62,132,2
82,82,1
104,103,2
97,127,1
87,96,2
77,84,1
60,115,2
117,90,2
93,127,1
89,126,2
117,77,2
71,129,1
59,75,2
110,94,2
68,116,2
77,113,2
91,108,1
101,122,2
110,89,1
63,81,1
70,127,2
87,79,2
69,110,2
88,95,2
97,100,2
60,108,1
83,126,1
98,128,1
117,118,1
100,89,2
103,116,2
64,129,1
100,130,1
100,132,2
93,95,2
89,108,2
110,131,1
109,126,2
111,131,2
95,94,2
113,81,1
76,126,2
106,137,2
86,130,2
68,129,2
115,119,1
66,86,1
108,121,1
65,97,1
70,95,1
59,93,2
81,137,2
112,130,1
73,89,2
114,78,1
91,126,2
81,117,2
68,79,1
97,105,1
58,100,2
90,130,2
94,124,2
110,128,1
85,121,1
58,129,2
87,85,2
67,117,2
103,130,1
81,109,2
85,138,1
97,125,1
115,134,2
94,102,1
101,98,2
66,108,2
113,82,1
109,123,2
95,112,2
79,82,1
91,137,1
56,130,2
80,110,1
66,135,1
76,129,1
93,135,2
65,102,2
86,133,1
84,142,2
60,100,2
108,122,1
113,86,2
67,131,2
66,142,1
71,124,2
84,89,2
58,99,1
78,95,1
76,94,2
89,131,1
56,131,2
100,146,1
91,111,1
69,91,2
86,106,2
56,138,1
104,104,1
68,113,2
92,109,1
75,140,1
87,106,2
67,145,2
107,115,2
96,100,2
89,99,1
78,143,1
66,116,2
69,86,1
116,137,1
61,115,1
100,140,1
86,136,1
102,139,1
74,145,1
83,125,1
64,129,1
58,99,1
94,86,2
77,122,1
89,127,2
109,92,2
75,140,1
59,125,1
75,126,2
99,119,1
76,113,2
86,125,1
95,99,1
74,99,2
76,92,2
102,102,1
106,133,2
99,103,2
56,112,2
88,117,1
57,107,1
115,137,2
110,150,1
100,104,2
79,131,2
109,99,1
77,137,1
72,155,2
60,130,2
85,132,1
64,134,2
88,114,1
75,108,2
67,123,2
109,113,2
67,113,1
85,129,1
105,119,2
78,106,1
76,101,2
60,100,1
64,102,1
110,118,1
77,104,1
103,144,2
59,110,2
88,150,1
66,122,2
70,140,1
113,109,2
87,121,1
85,112,1
70,148,2
105,103,1
92,154,1
68,126,1
98,164,1
109,142,1
61,132,2
87,144,2
71,135,1
109,158,2
59,152,2
62,106,2
89,127,2
112,147,1
56,144,1
94,146,2
87,123,1
88,105,1
102,122,2
102,140,2
82,129,1
65,158,2
113,164,2
56,135,1
107,117,1
96,152,2
102,148,2
83,160,1
106,113,1
97,110,1
109,124,1
93,111,1
73,134,2
85,132,1
110,124,2
86,107,2
87,141,1
95,159,2
81,147,2
113,146,2
93,145,2
92,149,1
68,140,2
95,116,2
84,146,1
97,127,2
76,122,1
97,120,2
72,150,1
110,130,2
61,138,1
94,150,2
101,143,2
90,156,1
117,137,1
59,157,2
83,169,1
95,168,1
105,173,2
98,126,2
75,152,1
82,146,2
74,119,1
108,142,2
78,117,1
76,150,1
85,149,1
100,131,1
69,152,1
84,171,1
85,120,1
59,173,2
75,170,1
97,155,2
92,170,1
104,118,1
105,163,1
99,124,2
106,157,1
62,124,2
81,120,2
103,134,2
109,133,1
114,147,2
115,129,2
76,157,2
96,138,1
105,137,1
85,172,2
97,178,2
79,153,1
110,147,2
107,164,2
107,158,1
121,167,1
120,183,2
88,180,2
88,140,1
117,159,1
99,132,2
98,145,1
68,168,1
119,135,1
96,161,2
82,137,1
123,175,2
122,134,2
105,174,1
86,161,2
65,146,2
110,148,1
124,169,2
79,173,2
84,163,1
64,135,1
79,173,1
117,141,2
73,151,2
78,161,1
100,137,1
67,140,1
96,143,1
115,171,1
117,163,2
126,164,1
108,165,1
125,158,1
92,167,2
67,177,2
87,139,1
85,170,1
103,146,1
121,132,1
68,187,1
101,188,2
92,161,1
120,140,2
70,141,1
103,141,2
72,143,1
115,151,1
103,145,2
126,173,2
81,134,2
111,174,1
97,154,1
111,185,2
68,175,2
110,168,1
83,184,2
76,189,2
77,151,1
92,142,2
83,189,2
117,151,2
112,161,1
98,158,2
104,180,1
72,154,2
121,157,2
85,136,2
73,134,1
124,184,2
97,148,2
116,153,2
111,136,2
111,144,1
81,166,1
118,167,1
86,191,2
69,167,2
75,148,2
101,179,2
76,194,1
85,155,2
103,166,1
123,177,2
84,161,2
103,137,2
77,188,1
129,165,1
97,190,2
113,168,1
104,140,1
108,152,2
103,144,1
112,165,2
78,195,2
102,188,2
117,167,2
105,157,2
125,158,1
83,161,2
86,173,2
72,186,1
77,192,2
73,192,2
97,150,1
79,163,1
78,177,1
84,136,2
105,167,2
115,135,2
125,148,1
112,149,2
72,151,1
116,141,1
124,189,1
122,167,1
91,180,2
82,147,1
94,183,1
90,193,2
77,143,2
131,147,1
126,154,2
94,157,1
76,144,2
115,179,2
86,144,2
129,195,1
119,190,1
132,146,2
130,199,2
125,143,2
87,179,1
92,159,2
120,144,1
86,150,1
107,173,2
86,193,2
101,140,2
116,192,1
97,156,1
128,180,2
112,168,2
110,173,2
72,156,1
106,187,1
83,163,1
126,193,1
85,191,1
87,152,2
72,165,2
133,198,1
96,149,1
83,201,2
122,149,1
125,187,2
115,153,2
110,149,2
80,200,2
105,180,1
119,144,1
99,197,2
78,172,2
122,181,2
107,151,1
81,178,2
111,160,2
98,170,2
134,152,1
120,191,2
110,159,1
116,195,1
120,161,2
125,150,1
127,149,2
128,196,2
81,160,2
85,147,1
80,153,1
113,152,1
87,170,2
79,199,2
93,178,1
134,148,2
82,184,1
78,153,2
125,157,1
106,149,1
96,185,2
104,148,2
118,159,1
133,146,2
89,185,1
105,162,1
81,204,1
133,179,2
87,203,2
131,165,1
116,158,2
123,159,1
101,176,2
102,187,1
125,197,1
99,147,2
110,170,2
99,150,1
105,160,2
102,174,1
138,192,2
110,151,2
109,157,1
131,195,1
85,201,1
125,205,2
113,177,1
117,153,2
126,182,1
107,171,1
113,204,2
108,151,2
128,183,2
84,189,1
133,186,1
111,146,2
78,165,1
114,199,1
135,151,2
113,160,2
119,177,1
138,190,1
127,200,2
140,204,2
131,208,1
130,165,2
138,173,2
100,153,2
106,161,2
92,189,1
112,206,1
95,176,2
106,182,2
126,193,2
96,196,2
98,160,2
102,186,2
124,200,1
134,202,2
112,208,2
86,187,2
138,201,1
139,184,1
136,162,1
115,175,2
99,191,2
104,163,2
111,177,1
116,196,2
96,185,2
102,207,1
98,169,1
85,155,2
137,206,2
122,157,1
105,163,2
126,195,2
127,208,1
100,175,1
134,174,2
119,188,1
138,191,2
116,169,2
119,195,2
101,190,1
144,167,1
97,160,1
86,167,1
111,185,2
134,175,2
107,196,2
128,164,2
119,212,2
126,212,1
117,160,1
135,168,2
121,153,2
104,188,1
118,194,1
110,167,2
131,166,2
144,161,1
97,176,1
134,158,2
140,191,2
122,197,1
111,202,1
139,171,1
125,178,2
94,174,1
142,180,2
119,184,2
120,181,2
121,172,1
108,176,2
105,201,1
146,202,2
129,160,1
110,186,2
98,195,2
137,184,2
89,158,1
94,174,2
105,192,2
130,185,1
150,190,2
124,215,2
133,161,2
116,181,2
146,217,2
146,191,2
127,178,2
145,166,2
105,202,2
136,213,1
98,207,2
154,186,2
126,218,2
136,173,2
147,183,2
141,218,1
126,176,1
151,215,2
120,202,1
143,199,2
107,208,1
143,192,1
99,181,2
134,192,2
113,180,1
115,168,1
137,181,1
144,182,2
130,187,1
149,170,2
97,194,2
108,185,1
136,217,2
102,209,1
153,162,2
108,185,1
133,201,2
95,177,1
158,214,1
132,193,2
123,217,1
116,183,1
160,218,2
156,192,1
134,166,2
157,185,1
138,208,1
113,190,2
140,190,2
119,213,1
150,183,2
140,204,1
150,201,2
119,185,2
145,167,2
116,181,1
145,194,1
103,191,1
103,177,2
115,195,2
123,178,1
113,168,2
157,163,1
138,196,1
106,176,1
118,171,1
143,215,2
101,185,2
119,175,1
101,209,2
140,214,2
101,175,2
125,204,2
100,214,2
112,183,2
153,162,1
107,191,1
109,166,1
158,204,1
140,176,1
141,221,2
109,192,2
107,192,1
153,186,1
149,172,2
108,187,1
145,188,1
129,203,1
156,221,2
127,191,2
139,219,2
160,181,2
135,167,2
112,183,2
160,192,2
129,219,2
145,199,2
140,201,1
126,181,1
133,214,2
107,205,1
149,206,1
151,171,2
146,197,1
131,215,1
146,176,1
131,176,2
136,191,2
153,171,1
116,195,2
150,185,2
110,197,1
159,175,1
128,189,2
159,223,1
165,179,2
106,201,2
151,219,2
174,190,2
157,200,1
164,216,1
117,223,2
168,203,2
131,221,2
163,186,2
159,221,2
137,216,1
164,219,2
130,214,2
130,174,1
162,209,2
173,181,1
147,186,1
164,203,1
176,224,1
174,198,2
150,184,1
153,198,2
147,179,1
131,196,2
117,186,1
139,183,2
166,189,1
145,224,1
153,193,1
170,201,1
143,179,1
124,212,2
117,196,1
117,196,2
161,177,1
127,190,1
149,172,1
141,218,1
127,221,1
130,204,1
164,190,1
126,204,2
157,228,1
141,182,1
147,214,2
167,206,2
172,169,2
139,225,2
131,206,2
127,192,1
164,196,1
169,179,2
149,196,1
172,188,2
180,171,1
145,188,1
135,224,2
180,198,2
135,186,2
141,182,1
145,199,2
142,227,2
135,226,1
143,223,2
168,210,1
130,198,2
126,214,2
134,224,1
152,216,1
166,209,2
178,190,2
154,190,1
141,208,1
174,192,1
142,187,2
123,190,1
148,183,2
181,170,1
163,170,2
162,174,2
137,179,2
127,199,1
181,230,1
134,183,2
173,206,1
183,208,1
136,201,2
182,191,1
140,170,1
155,219,1
168,226,2
129,170,2
155,180,2
177,173,1
154,209,1
171,188,2
129,175,1
136,218,2
131,229,2
176,204,2
152,171,1
159,201,1
159,192,2
131,230,2
154,207,1
177,206,1
143,178,1
136,202,2
181,230,1
151,196,2
173,198,2
176,201,2
141,196,2
132,177,2
158,210,1
188,198,2
181,219,2
186,222,2
130,179,1
135,226,2
141,189,2
180,185,2
135,176,2
139,218,2
176,209,2
155,193,1
143,171,1
159,175,2
146,197,2
134,214,2
184,175,2
146,228,2
136,199,2
136,219,1
150,184,1
171,193,2
161,225,2
167,217,2
157,218,1
141,213,1
148,229,1
163,177,1
161,184,2
154,214,1
157,199,1
188,212,1
166,183,1
175,214,1
134,214,2
172,201,2
132,171,1
132,199,2
138,175,2
151,221,2
165,213,1
157,191,1
145,219,1
154,171,2
155,202,2
180,180,1
160,204,2
182,188,2
156,201,1
166,185,1
143,198,1
181,221,1
149,180,1
179,225,2
154,183,2
168,209,2
151,224,2
154,204,1
138,182,1
139,200,2
175,228,1
161,213,1
143,209,1
187,215,2
169,230,2
177,197,2
160,221,1
161,213,1
167,186,1
143,196,2
147,180,2
150,203,2
187,189,2
142,213,2
184,206,2
139,214,2
153,202,1
180,206,1
155,171,2
166,196,2
181,212,2
148,185,1
186,203,1
137,229,2
137,176,1
149,190,2
176,220,2
166,201,1
148,192,2
177,191,2
149,212,1
159,209,1
170,217,2
191,223,2
139,206,2
135,196,1
173,199,1
180,203,1
168,173,2
157,188,2
151,171,2
150,215,1
180,172,2
192,189,1
154,223,2
189,222,2
164,189,2
136,187,2
184,199,1
168,215,2
144,178,1
190,226,2
174,224,1
165,228,1
186,174,1
148,171,1
190,192,1
149,199,1
162,207,1
186,182,2
172,221,1
167,181,2
164,173,1
149,179,2
176,194,2
159,180,1
138,209,2
159,184,2
159,191,1
167,173,1
155,192,2
144,172,2
137,220,2
193,202,1
174,171,1
149,203,1
166,209,1
166,201,2
175,230,1
196,171,1
192,190,2
171,230,1
140,222,1
162,181,1
162,214,2
161,189,2
140,221,1
165,203,1
175,217,2
191,209,1
161,230,1
167,195,2
171,197,1
193,214,1
151,193,2
169,220,2
163,206,2
149,215,2
144,212,1
173,194,2
166,222,2
153,190,1
152,222,1
139,227,1
146,205,1
193,219,2
138,200,2
154,200,2
179,182,1
148,227,1
142,213,2
164,187,1
184,188,2
161,202,1
195,225,2
163,204,2
171,198,1
197,229,1
183,184,2
191,182,1
147,186,2
143,229,2
197,187,1
143,180,1
144,178,2
194,180,1
157,182,1
161,224,2
167,170,2
167,212,2
153,208,2
164,224,1
141,188,2
190,193,2
180,175,2
197,185,1
155,211,1
140,209,2
169,212,1
149,180,2
191,206,1
195,176,1
161,228,2
148,203,2
151,206,2
142,202,2
159,224,2
183,199,2
159,227,1
161,171,1
149,218,2
186,206,2
191,181,2
155,177,2
170,172,1
160,175,2
157,213,1
181,207,1
188,191,2
158,211,1
166,179,1
201,172,1
160,207,1
192,180,2
173,176,1
197,206,2
195,188,2
171,176,2
177,184,1
178,184,2
155,218,2
160,169,2
192,198,1
190,183,2
179,224,1
188,168,2
161,207,1
168,200,1
149,225,1
189,205,2
155,169,2
174,187,1
188,169,2
146,183,1
153,175,2
147,194,2
165,200,2
191,178,1
191,167,2
179,223,1
201,204,1
190,180,2
173,208,1
160,194,2
164,185,1
208,212,1
189,184,1
169,185,2
154,191,1
160,219,2
198,210,2
204,199,2
159,221,2
163,220,1
181,199,2
184,196,1
163,171,1
201,186,1
171,220,1
156,208,2
169,181,2
160,193,1
155,220,1
159,209,1
152,201,2
166,202,1
207,207,1
188,204,1
190,194,2
159,172,2
203,196,1
187,176,1
160,183,2
196,207,1
198,191,1
192,205,1
152,202,1
176,213,1
154,166,2
160,185,1
192,215,1
158,170,1
208,206,1
157,200,1
171,168,1
181,194,1
177,182,2
197,197,2
154,215,1
191,167,1
180,179,1
177,198,2
203,213,1
154,187,2
178,178,2
177,187,1
155,187,2
185,189,1
179,210,1
167,194,1
175,203,2
210,186,2
209,176,1
199,194,2
184,196,1
154,200,1
208,223,1
208,194,2
209,192,2
210,192,2
166,184,1
210,193,2
194,188,2
181,198,2
207,186,1
207,202,1
181,194,1
186,221,1
178,208,2
197,178,2
203,195,2
159,183,1
205,171,2
211,177,1
176,162,2
178,214,2
175,207,1
191,163,1
164,182,1
157,163,2
189,161,1
200,194,1
209,207,2
202,193,2
198,203,1
212,174,1
208,189,2
161,192,2
178,217,1
184,182,1
183,164,2
183,212,2
177,185,1
189,181,1
192,178,2
195,182,2
182,164,1
197,188,1
203,208,2
171,191,2
208,160,1
193,166,2
156,187,1
164,219,2
172,216,2
209,213,2
192,215,1
155,162,2
166,191,1
188,197,2
158,190,1
215,208,1
159,206,1
206,189,2
210,186,2
183,183,2
216,204,1
193,188,1
199,158,1
159,211,2
201,201,2
164,208,2
182,164,1
215,176,1
211,171,2
161,172,2
173,182,2
207,174,2
212,208,2
216,182,1
191,185,1
208,203,2
206,185,1
182,175,1
198,169,1
182,158,1
169,198,2
215,216,2
165,186,2
177,210,2
161,213,2
210,159,1
189,197,1
173,185,2
215,216,2
168,176,2
171,180,2
216,166,1
195,197,1
166,202,1
212,156,1
168,171,1
199,207,1
159,151,1
173,164,2
198,210,2
176,198,2
168,183,2
168,185,2
199,173,2
165,155,1
194,211,1
180,154,1
187,160,1
217,192,2
192,197,2
180,193,1
181,170,2
218,161,1
189,179,1
159,177,1
217,205,2
164,177,1
216,194,1
166,179,2
160,209,1
173,167,2
160,163,2
207,196,1
164,157,2
164,169,1
216,171,1
199,197,2
167,179,1
209,165,1
198,183,2
167,162,2
168,164,2
218,148,2
198,159,2
179,200,2
206,195,2
178,168,1
173,176,1
208,187,2
173,150,1
169,160,2
199,167,1
207,162,1
223,194,1
215,196,1
189,196,1
220,171,2
196,173,1
167,171,2
197,192,2
169,165,1
201,146,2
166,142,2
199,174,1
166,166,1
165,180,2
193,184,1
224,188,1
205,147,2
222,174,1
220,145,1
212,201,1
172,175,1
206,146,2
224,166,2
186,157,1
184,199,1
166,161,1
183,160,2
204,170,1
191,179,1
171,179,1
189,194,2
171,187,1
212,191,2
188,184,2
213,195,1
188,139,1
226,169,1
213,169,1
209,157,2
176,191,2
219,160,1
182,167,1
200,161,2
191,165,1
188,162,2
179,150,2
194,175,1
208,182,1
227,147,1
214,138,2
173,168,2
179,170,1
220,181,1
171,157,1
178,192,1
209,141,1
212,158,2
169,175,2
185,177,2
167,183,2
204,160,2
206,187,1
168,148,1
181,154,1
213,165,2
225,182,2
171,145,2
198,153,1
216,197,2
172,144,2
196,166,2
203,144,1
218,143,2
198,146,2
217,183,2
179,147,1
185,168,1
197,165,2
201,190,2
193,188,1
204,138,1
184,147,1
211,181,1
221,144,1
226,159,1
177,141,2
220,184,1
212,178,2
228,181,2
176,141,1
206,167,2
219,132,1
212,173,2
180,178,2
201,136,2
201,143,2
169,163,1
229,156,1
211,142,1
190,131,2
180,131,1
179,160,1
228,136,2
169,139,1
219,183,1
184,175,1
210,153,2
216,133,2
208,151,2
195,168,1
218,182,1
216,180,1
199,149,2
176,166,1
198,157,2
230,128,1
178,137,2
231,164,1
218,143,1
176,135,2
191,178,2
174,151,2
199,179,2
175,150,1
173,143,2
226,154,2
210,143,1
187,134,2
179,159,2
224,138,2
191,169,2
177,171,2
205,165,2
189,156,2
214,151,1
200,187,1
178,147,1
173,143,1
209,133,2
189,142,1
199,161,2
190,172,2
230,174,1
174,177,1
205,188,1
207,153,2
178,160,2
186,177,2
208,178,1
181,170,1
227,166,1
225,164,2
203,151,1
194,148,2
184,174,1
192,143,1
219,166,2
217,139,1
207,165,2
228,123,2
214,147,2
197,163,1
215,141,2
181,169,1
194,167,2
201,126,2
223,140,1
219,154,2
184,156,2
215,127,2
211,128,2
184,158,2
202,124,1
205,175,1
213,140,1
204,123,1
225,141,2
214,148,1
197,158,2
197,123,2
191,139,2
188,126,2
195,162,2
229,169,2
172,148,2
199,173,2
199,177,1
228,155,1
218,181,2
223,154,2
197,158,1
199,174,2
211,142,1
211,118,1
186,133,2
207,165,2
227,126,2
206,174,1
196,122,1
171,161,2
171,148,2
222,154,1
192,173,2
214,171,2
199,127,2
171,123,2
171,130,2
203,119,2
189,154,1
210,165,1
172,139,1
227,160,2
223,127,2
223,119,1
202,170,1
189,145,1
218,177,1
185,137,1
192,131,2
231,162,1
226,170,2
176,161,1
220,162,1
179,133,1
176,128,1
228,138,1
217,158,2
225,151,2
176,154,1
198,149,2
213,137,1
179,119,2
180,115,1
187,119,1
185,164,1
201,161,1
223,152,2
213,163,1
184,120,2
174,125,1
218,152,2
222,134,2
184,146,2
196,163,2
228,118,2
211,172,2
198,173,1
185,120,2
210,125,2
215,115,1
171,144,2
194,140,2
174,172,1
191,146,2
227,127,1
224,158,2
173,160,2
197,123,1
209,160,2
202,135,2
179,127,2
204,128,1
199,142,2
222,170,2
193,144,2
229,114,1
201,164,1
202,134,1
205,163,1
204,169,2
185,130,1
180,124,2
195,132,2
189,126,1
231,124,2
231,126,2
174,138,2
200,112,1
187,110,2
200,160,2
206,140,2
197,132,2
212,164,1
181,112,2
202,124,1
207,139,2
180,127,2
212,144,1
215,122,2
205,150,2
227,113,2
183,137,2
184,116,2
180,138,2
179,148,2
199,164,1
196,152,2
185,108,1
191,150,1
188,132,1
201,107,1
228,159,1
211,126,2
181,144,1
211,149,2
214,152,2
214,131,2
196,131,1
207,139,2
218,164,2
207,136,2
216,162,1
225,143,1
218,165,2
231,162,1
208,134,2
211,112,2
171,147,2
205,130,2
216,144,2
195,142,1
194,154,2
208,138,2
230,165,2
182,133,1
195,125,2
218,134,1
220,154,1
209,148,2
185,156,2
212,160,1
219,142,1
213,130,2
226,139,1
212,115,2
219,129,2
227,149,2
227,119,1
178,155,1
176,139,2
181,140,2
225,123,2
210,161,2
192,118,2
173,107,1
218,115,1
180,143,1
229,110,1
187,108,2
212,139,1
192,109,1
183,138,1
204,144,1
185,109,2
205,162,2
206,141,2
226,117,2
213,154,2
189,157,2
207,135,1
202,154,2
211,139,2
225,122,1
210,131,2
184,135,1
171,121,2
230,132,1
188,127,1
205,128,1
176,115,2
207,105,1
219,104,2
173,158,2
171,128,2
213,139,1
194,121,2
186,103,2
197,153,2
210,134,1
191,137,1
227,147,2
227,145,1
193,149,2
217,138,2
183,135,1
185,121,2
226,131,2
222,162,2
183,143,1
208,137,1
182,127,2
189,111,1
219,125,1
195,104,1
180,139,1
224,121,2
215,124,1
202,137,1
185,114,1
222,139,2
189,122,1
186,130,1
215,124,2
190,134,1
228,136,1
193,141,2
211,114,1
185,124,2
210,101,2
213,111,2
175,128,1
218,101,1
208,130,1
206,146,2
186,140,1
224,124,1
214,113,1
228,125,1
186,150,1
227,116,1
226,152,1
217,108,1
211,127,1
169,129,2
176,140,2
228,117,1
196,158,1
213,139,2
209,134,2
192,151,2
200,123,1
214,135,2
173,156,2
189,111,2
177,101,2
188,121,2
213,144,1
202,114,2
179,151,1
193,139,1
172,105,2
211,110,2
172,127,2
178,99,1
210,140,2
224,156,2
227,121,1
193,125,2
175,153,2
209,102,2
178,146,1
204,152,1
218,122,2
213,127,2
200,144,1
203,108,2
194,133,1
195,150,2
176,114,2
172,104,1
188,102,1
198,159,2
212,129,1
175,159,1
211,152,1
201,151,2
217,122,1
191,100,1
173,152,2
176,121,1
168,118,1
170,103,1
184,140,1
183,125,2
182,146,2
222,118,2
208,119,1
188,149,1
165,111,2
174,125,1
208,148,2
201,158,1
218,122,1
210,104,1
176,112,2
174,138,2
168,103,1
201,154,1
169,98,1
213,154,2
165,135,2
168,102,2
191,138,1
184,109,2
221,144,2
200,136,2
217,126,1
217,115,2
197,121,2
198,118,2
186,143,1
201,140,2
222,144,1
204,100,2
182,151,2
184,129,2
193,144,1
188,122,1
173,129,2
222,121,1
186,102,2
220,115,2
180,152,1
176,128,1
163,125,2
166,153,1
193,111,2
175,113,1
183,148,2
191,135,1
173,151,2
208,103,1
209,126,1
177,108,2
175,103,1
212,98,1
180,127,2
216,130,2
196,144,1
208,124,1
184,138,1
191,129,2
222,138,1
186,110,2
184,140,2
215,144,2
180,137,2
194,112,1
166,102,1
206,156,1
219,141,2
212,157,1
211,154,2
163,134,2
196,127,2
218,124,2
207,108,1
222,122,2
184,125,1
182,145,2
172,118,1
172,153,1
208,123,1
200,132,1
207,112,1
220,97,1
190,107,2
199,135,1
198,107,2
162,119,2
184,120,1
176,127,2
163,151,2
169,146,2
181,136,2
211,148,2
197,114,2
198,153,2
169,112,1
188,121,1
186,101,1
206,152,1
180,128,1
200,131,1
161,142,2
205,117,1
190,151,2
185,107,2
186,154,2
207,112,2
193,126,1
186,149,1
201,127,1
209,105,1
181,104,2
179,156,2
215,134,1
201,133,1
199,112,2
192,122,2
184,105,2
191,132,2
165,103,2
170,116,1
168,97,1
191,152,1
189,132,2
163,115,2
212,118,2
204,100,2
157,118,1
199,147,1
177,125,2
213,107,1
178,134,1
197,125,2
194,118,1
171,123,2
181,154,2
184,121,2
161,154,1
190,141,1
180,125,1
181,104,2
203,144,1
165,108,2
185,147,1
174,108,1
163,130,1
205,152,1
158,147,1
215,134,2
169,127,2
162,141,2
200,153,1
199,122,2
215,128,2
182,95,1
182,118,2
197,123,2
165,155,1
205,124,1
189,116,2
174,149,2
203,151,2
163,96,2
166,140,1
216,115,1
190,105,2
172,140,1
214,111,1
214,102,1
191,113,1
166,95,1
216,97,1
178,104,2
210,96,1
173,129,2
161,151,2
184,103,1
180,116,2
175,126,2
157,96,2
183,139,2
176,149,2
202,137,2
166,146,2
162,128,1
167,112,1
188,140,2
173,118,2
214,138,2
187,96,1
167,127,1
204,148,2
163,143,1
166,111,2
213,112,1
164,137,1
166,144,1
449,444,2
441,449,1
452,447,1
450,462,1
444,450,1
449,460,1
438,456,2
453,450,2
447,443,2
439,457,2
451,445,1
448,456,2
449,452,1
457,451,2
438,463,2
451,462,1
448,463,2
444,449,2
444,458,2
456,450,1
517,363,2
515,364,2
520,347,2
522,364,1
520,357,1
521,354,2
518,347,2
519,366,2
521,352,2
512,347,2
523,357,1
527,360,1
522,358,2
528,357,1
518,353,1
529,354,2
517,361,2
523,349,1
522,357,1
518,348,1
